v1
B	State Bank of India	Federal Bank	Central Bank of India	Bank of India	UCO Bank	RBL Bank	Canara Bank	Axis Bank	Punjab National Bank	Dhanlaxmi Bank	Yes Bank	ICICI Bank	Union Bank of India	HDFC Bank	IndusInd Bank	Equitas Small Finance Bank	Jio Payments Bank	Utkarsh Small Finance Bank	IDBI Bank	Jana Small Finance Bank	Kotak Mahindra Bank	NSDL Payments Bank	City Union Bank	Bank of Baroda	Citibank India	Karur Vysya Bank	IDFC FIRST Bank	Ujjivan Small Finance Bank	DBS Bank India	Standard Chartered Bank	CSB Bank	South Indian Bank	DCB Bank	Tamilnad Mercantile Bank	Indian Bank	AU Small Finance Bank	Paytm Payments Bank	Indian Overseas Bank	Bandhan Bank	Bank of Maharashtra	Karnataka Bank	HSBC India	Punjab & Sind Bank	Jammu & Kashmir Bank	North East Small Finance Bank	Capital Small Finance Bank	ESAF Small Finance Bank	Airtel Payments Bank	Fino Payments Bank	India Post Payments Bank
V	Classic	Reloadable	Platinum	Uatp	Standard	Business	Titanium	World	Gold	Ach For Consumer	Corporate Purchasing	Personal	Rupay Select	Personal Green	Corporate	Corporate T&E	Signature	Traditional	Business Enhanced	Electron	Rewards	Infinite	Purchasing	Signature Business	Business Infinite	Business Signature	Infinite Business	Platinum Rewards	Travel Money	Atm Card	Pmjdy	Electronic	Platinum Travel	Isic	Corporate World	World Business	Central Travel Solutions Air	Private Label	Corporate Executive	Premium	Workplace B2B	World Elite	Mixed Product	Commercial	World For Business	Executive Business	Payroll
100001 0 D 0
100002 0 D 0
100003 1 D 0
100004 2 D 0
100005 3 D 0
100006 4 P -1
100007 5 P -1
100008 3 P -1
100011 5 P -1
100013 -1 P 1
100014 6 D 0
100015 6 D 0
100016 0 D 2
100017 0 D 2
100018 0 D 2
100019 7 P 1
100020 8 D 0
100021 0 D 0
100022 0 D 0
100023 0 D 0
100024 9 D 0
100025 6 D 0
100026 3 D 0
100027 3 D 0
100030 10 P -1
100031 7 P -1
100032 10 P 1
100033 -1 P -1
100034 6 D 2
100035 8 D 0
100036 0 D 0
100037 -1 D 0
100038 11 D 0
100039 0 D 0
111111 2 D 0
140300 -1 C 3
140301 -1 C 3
140302 -1 C 3
140303 -1 C 3
140304 -1 C 3
140305 -1 C 3
140306 -1 C 3
140307 -1 C 3
140308 -1 C 3
140309 -1 C 3
140310 -1 C 3
140311 -1 C 3
140312 -1 C 3
140313 -1 C 3
140314 -1 C 3
140315 -1 C 3
140316 -1 C 3
140317 -1 C 3
140318 -1 C 3
140319 -1 C 3
140320 -1 C 3
140321 -1 C 3
140322 -1 C 3
140323 -1 C 3
140324 -1 C 3
140325 -1 C 3
140326 -1 C 3
140327 -1 C 3
140328 -1 C 3
140329 -1 C 3
140330 -1 C 3
140331 -1 C 3
140332 -1 C 3
140333 -1 C 3
140334 -1 C 3
140335 -1 C 3
140336 -1 C 3
140337 -1 C 3
140338 -1 C 3
140339 -1 C 3
140340 -1 C 3
140341 -1 C 3
140342 -1 C 3
140343 -1 C 3
140344 -1 C 3
140345 -1 C 3
140346 -1 C 3
140347 -1 C 3
140348 -1 C 3
140349 -1 C 3
140350 -1 C 3
140351 -1 C 3
140352 -1 C 3
140353 -1 C 3
140354 -1 C 3
140355 -1 C 3
140356 -1 C 3
140357 -1 C 3
140358 -1 C 3
140359 -1 C 3
140360 -1 C 3
140361 -1 C 3
140362 -1 C 3
140363 -1 C 3
140364 -1 C 3
140365 -1 C 3
140366 -1 C 3
140367 -1 C 3
140368 -1 C 3
140369 -1 C 3
140370 -1 C 3
140371 -1 C 3
140372 -1 C 3
140373 -1 C 3
140374 -1 C 3
140375 -1 C 3
140376 -1 C 3
140377 -1 C 3
140378 -1 C 3
140379 -1 C 3
140380 -1 C 3
140381 -1 C 3
140382 -1 C 3
140383 -1 C 3
140384 -1 C 3
140385 -1 C 3
140386 -1 C 3
140387 -1 C 3
140388 -1 C 3
140389 -1 C 3
140390 -1 C 3
140391 -1 C 3
140392 -1 C 3
140393 -1 C 3
140394 -1 C 3
140395 -1 C 3
140396 -1 C 3
140397 -1 C 3
140398 -1 C 3
140399 -1 C 3
181300 -1 C 3
181301 -1 C 3
181302 -1 C 3
181303 -1 C 3
181304 -1 C 3
181305 -1 C 3
181306 -1 C 3
181307 -1 C 3
181308 -1 C 3
181309 -1 C 3
181310 -1 C 3
181311 -1 C 3
181312 -1 C 3
181313 -1 C 3
181314 -1 C 3
181315 -1 C 3
181316 -1 C 3
181317 -1 C 3
181318 -1 C 3
181319 -1 C 3
181320 -1 C 3
181321 -1 C 3
181322 -1 C 3
181323 -1 C 3
181324 -1 C 3
181325 -1 C 3
181326 -1 C 3
181327 -1 C 3
181328 -1 C 3
181329 -1 C 3
181330 -1 C 3
181331 -1 C 3
181332 -1 C 3
181333 -1 C 3
181334 -1 C 3
181335 -1 C 3
181336 -1 C 3
181337 -1 C 3
181338 -1 C 3
181339 -1 C 3
181340 -1 C 3
181341 -1 C 3
181342 -1 C 3
181343 -1 C 3
181344 -1 C 3
181345 -1 C 3
181346 -1 C 3
181347 -1 C 3
181348 -1 C 3
181349 -1 C 3
181350 -1 C 3
181351 -1 C 3
181352 -1 C 3
181353 -1 C 3
181354 -1 C 3
181355 -1 C 3
181356 -1 C 3
181357 -1 C 3
181358 -1 C 3
181359 -1 C 3
181360 -1 C 3
181361 -1 C 3
181362 -1 C 3
181363 -1 C 3
181364 -1 C 3
181365 -1 C 3
181366 -1 C 3
181367 -1 C 3
181368 -1 C 3
181369 -1 C 3
181370 -1 C 3
181371 -1 C 3
181372 -1 C 3
181373 -1 C 3
181374 -1 C 3
181375 -1 C 3
181376 -1 C 3
181377 -1 C 3
181378 -1 C 3
181379 -1 C 3
181380 -1 C 3
181381 -1 C 3
181382 -1 C 3
181383 -1 C 3
181384 -1 C 3
181385 -1 C 3
181386 -1 C 3
181387 -1 C 3
181388 -1 C 3
181389 -1 C 3
181390 -1 C 3
181391 -1 C 3
181392 -1 C 3
181393 -1 C 3
181394 -1 C 3
181395 -1 C 3
181396 -1 C 3
181397 -1 C 3
181398 -1 C 3
181399 -1 C 3
222222 -1 D -1
222423 -1 D -1
222495 0 D -1
222686 1 D 4
222688 1 P 5
222695 8 D 4
222696 12 D 4
222697 7 P -1
222700 13 P 1
222703 13 C 2
222708 11 D 6
222709 11 D 6
222710 11 D 6
222711 11 D 6
222712 14 P -1
222741 2 D 4
222742 10 P 5
222746 11 P 5
222749 0 D 2
222750 0 D 4
222754 15 P 1
222819 7 D 7
222844 1 D 2
222845 12 D 4
222848 13 P 1
222849 10 D 5
222852 10 D 7
222853 10 D 2
222854 10 D 2
222855 10 D 6
222856 10 D 6
222857 10 D 5
222922 5 P 1
222930 16 D 4
222931 16 P -1
222939 -1 P 1
222940 11 D 2
222941 11 D 2
222942 11 D 2
222943 13 P -1
222944 5 P -1
222947 17 D 8
222951 7 D 2
222952 7 D 2
222953 7 D 2
222954 18 D 4
222955 -1 D 2
222956 18 D 4
222957 18 D 2
222975 17 D 2
223005 19 D 2
223006 19 D 7
223008 -1 D 4
223012 -1 D 2
223382 -1 P -1
223406 13 P -1
223408 13 P 5
223425 -1 P 5
223454 -1 P 5
223487 13 D 7
223501 -1 P -1
223526 -1 P 5
223537 -1 D 9
223580 -1 P 5
230398 10 D 4
230447 20 P -1
232015 -1 C 4
232016 -1 D 8
232017 -1 P 1
234103 20 C 10
270228 5 D 9
270560 5 D 4
270568 21 P -1
271112 5 D 4
300099 -1 C 4
300999 -1 C 4
301000 -1 C 4
301999 -1 C 4
302999 -1 C 4
303999 -1 C 4
304435 -1 C 4
304999 -1 C 4
333333 -1 P 1
340019 -1 C 4
340020 0 C 11
340027 -1 P 1
340049 -1 C 4
340079 7 C 11
340256 -1 C 11
340257 -1 C 11
340258 -1 C 11
340259 -1 C 11
340260 -1 C 11
340261 -1 C 11
340262 -1 C 11
340263 -1 C 11
340264 -1 C 11
340265 -1 C 11
340266 -1 C 11
340267 -1 C 11
340268 -1 C 11
340269 -1 C 11
340270 -1 C 11
340271 -1 C 11
340272 -1 C 11
340273 -1 C 11
340274 -1 C 11
340275 -1 C 11
340276 -1 C 11
340277 -1 C 11
340278 -1 C 11
340279 -1 C 11
340280 -1 C 11
340281 -1 C 11
340282 -1 C 11
340283 -1 C 11
340284 -1 C 11
340285 -1 C 11
340286 -1 C 11
340287 -1 C 11
340288 -1 C 11
340289 -1 C 11
340290 -1 C 11
340291 -1 C 11
340292 -1 C 11
340293 -1 C 11
340294 -1 C 11
340295 -1 C 11
340296 -1 C 11
340297 -1 C 11
340298 -1 C 11
340299 -1 C 11
340300 -1 C 11
340301 -1 C 11
340302 -1 C 11
340303 -1 C 11
340304 -1 C 11
340305 -1 C 11
340306 -1 C 11
340307 -1 C 11
340308 -1 C 11
340309 -1 C 11
340310 -1 C 11
340311 -1 C 11
340312 -1 C 11
340313 -1 C 11
340314 -1 C 11
340315 -1 C 11
340316 -1 C 11
340317 -1 C 11
340318 -1 C 11
340319 -1 C 11
340320 -1 C 11
340462 14 C 11
340463 14 C 11
340475 0 C 11
340489 11 C 11
340490 11 C 11
340491 11 C 11
340492 11 C 11
340493 11 C 11
340494 11 C 11
340495 11 C 11
340496 11 C 11
340497 11 C 11
340498 11 C 11
340499 11 C 11
340500 11 C 11
340501 11 C 11
340502 11 C 11
340503 11 C 11
340504 14 C 11
340505 14 C 11
340506 14 C 11
340507 0 C 11
340508 -1 C 11
340699 -1 C 4
340899 -1 C 4
340999 -1 C 4
341362 -1 C 11
341499 -1 C 4
341592 -1 C 4
341999 -1 C 4
342001 -1 C 4
342099 -1 C 4
342999 -1 C 4
343499 -1 C 4
343999 -1 C 4
344536 -1 C 4
344999 -1 C 4
345000 -1 C 4
345678 -1 P 2
345999 -1 C 4
346717 -1 C 4
347315 -1 C -1
347999 -1 C 4
348999 -1 C 4
349900 -1 C 4
349950 -1 C 4
349989 -1 C 4
351358 -1 D -1
353600 -1 D 0
353601 -1 D 0
353602 -1 D 0
353603 0 D 0
353604 -1 D 0
353605 12 D 0
353606 -1 C 0
353607 -1 C 0
353608 -1 C 0
353609 -1 C 0
353610 -1 D 0
353611 -1 D 0
353612 -1 D 0
353613 -1 D 0
353614 -1 D 0
353615 -1 D 0
353616 -1 D 0
353617 -1 D 0
353618 -1 D 0
353619 -1 D 0
353620 -1 D 0
353621 -1 D 0
353622 -1 D 0
353623 -1 D 0
353624 -1 D 0
353625 -1 D 0
353626 -1 D 0
353627 -1 D 0
353628 -1 D 0
353629 -1 D 0
353630 -1 D 0
353631 -1 D 0
353632 -1 D 0
353633 -1 D 0
353634 -1 D 0
353635 -1 D 0
353636 -1 D 0
353637 -1 D 0
353638 -1 D 0
353639 -1 D 0
353640 -1 D 0
353641 -1 D 0
353642 -1 D 0
353643 -1 D 0
353644 -1 D 0
353645 -1 D 0
353646 -1 D 0
353647 -1 D 0
353648 -1 D 0
353649 -1 D 0
353650 -1 D 0
353651 -1 D 0
353652 -1 D 0
353653 -1 D 0
353654 -1 D 0
353655 -1 D 0
353656 -1 D 0
353657 -1 D 0
353658 -1 D 0
353659 -1 D 0
353660 -1 D 0
353661 -1 D 0
353662 -1 D 0
353663 -1 D 0
353664 -1 D 0
353665 -1 D 0
353666 -1 D 0
353667 -1 D 0
353668 -1 D 0
353669 -1 D 0
353670 -1 D 0
353671 -1 D 0
353672 -1 D 0
353673 -1 D 0
353674 -1 D 0
353675 -1 D 0
353676 -1 D 0
353677 -1 D 0
353678 -1 D 0
353679 -1 D 0
353680 -1 D 0
353681 -1 D 0
353682 -1 D 0
353683 -1 D 0
353684 -1 D 0
353685 -1 D 0
353686 -1 D 0
353687 -1 D 0
353688 -1 D 0
353689 -1 D 0
353690 -1 D 0
353691 -1 D 0
353692 -1 D 0
353693 -1 D 0
353694 -1 D 0
353695 -1 D 0
353696 -1 D 0
353697 -1 D 0
353698 -1 D 0
353699 -1 D 0
353700 -1 D -1
353701 -1 C -1
353702 -1 D -1
353703 -1 D -1
353704 -1 D -1
353705 -1 D -1
353706 -1 D -1
353707 -1 D -1
353708 -1 D -1
353709 -1 D -1
353710 -1 D -1
353711 -1 D -1
353712 -1 D -1
353713 -1 D -1
353714 -1 D -1
353715 -1 D -1
353716 -1 D -1
353717 -1 D -1
353718 -1 D -1
353719 -1 D -1
353720 -1 D -1
353721 -1 D -1
353722 -1 D -1
353723 -1 D -1
353724 -1 D -1
353725 -1 D -1
353726 -1 D -1
353727 -1 D -1
353728 -1 D -1
353729 -1 D -1
353730 -1 D -1
353731 -1 D -1
353732 -1 D -1
353733 -1 D -1
353734 -1 D -1
353735 -1 D -1
353736 -1 D -1
353737 -1 D -1
353738 -1 D -1
353739 -1 D -1
353740 -1 D -1
353741 -1 D -1
353742 -1 D -1
353743 -1 D -1
353744 -1 D -1
353745 -1 D -1
353746 -1 D -1
353747 -1 D -1
353748 -1 D -1
353749 -1 D -1
353750 -1 D -1
353751 -1 D -1
353752 -1 D -1
353753 -1 D -1
353754 -1 D -1
353755 -1 D -1
353756 -1 D -1
353757 -1 D -1
353758 -1 D -1
353759 -1 D -1
353760 -1 D -1
353761 -1 D -1
353762 -1 D -1
353763 -1 D -1
353764 -1 D -1
353765 -1 D -1
353766 -1 D -1
353767 -1 D -1
353768 -1 D -1
353769 -1 D -1
353770 -1 D -1
353771 -1 D -1
353772 -1 D -1
353773 -1 D -1
353774 -1 D -1
353775 -1 D -1
353776 -1 D -1
353777 -1 D -1
353778 -1 D -1
353779 -1 D -1
353780 -1 D -1
353781 -1 D -1
353782 -1 D -1
353783 -1 D -1
353784 -1 D -1
353785 -1 D -1
353786 -1 D -1
353787 -1 D -1
353788 -1 D -1
353789 -1 D -1
353790 -1 D -1
353791 -1 D -1
353792 -1 D -1
353793 -1 D -1
353794 -1 D -1
353795 -1 D -1
353796 -1 D -1
353797 -1 D -1
353798 -1 D -1
353799 -1 D -1
353800 22 D 2
353801 12 D 2
353802 2 D 2
353803 4 D 2
353804 -1 D 2
353805 7 D 2
353806 8 D 2
353807 12 D 2
353808 -1 D 2
353809 0 D 2
353810 -1 D 2
353811 -1 D 2
353812 -1 D 2
353813 -1 D 2
353814 -1 C 2
353815 -1 C 2
353816 12 D 2
353817 12 D 2
353818 -1 D 2
353819 -1 C 2
353820 -1 C 2
353821 -1 D 2
353822 -1 D 2
353823 -1 D 2
353824 -1 D 2
353825 -1 D 2
353826 -1 D 2
353827 -1 D 2
353828 -1 D 2
353829 -1 D 2
353830 -1 D 2
353831 -1 D 2
353832 -1 D 2
353833 -1 D 2
353834 -1 D 2
353835 -1 D 2
353836 -1 D 2
353837 -1 D 2
353838 -1 D 2
353839 -1 D 2
353840 -1 D 2
353841 -1 D 2
353842 -1 D 2
353843 -1 D 2
353844 -1 D 2
353845 -1 D 2
353846 -1 D 2
353847 -1 D 2
353848 -1 D 2
353849 -1 D 2
353850 -1 D 2
353851 -1 D 2
353852 -1 D 2
353853 -1 D 2
353854 -1 D 2
353855 -1 D 2
353856 -1 D 2
353857 -1 D 2
353858 -1 D 2
353859 -1 D 2
353860 -1 D 2
353861 -1 D 2
353862 -1 D 2
353863 -1 D 2
353864 -1 D 2
353865 -1 D 2
353866 -1 D 2
353867 -1 D 2
353868 -1 D 2
353869 -1 D 2
353870 -1 D 2
353871 -1 D 2
353872 -1 D 2
353873 -1 D 2
353874 -1 D 2
353875 -1 D 2
353876 -1 D 2
353877 -1 D 2
353878 -1 D 2
353879 -1 D 2
353880 -1 D 2
353881 -1 D 2
353882 -1 D 2
353883 -1 D 2
353884 -1 D 2
353885 -1 D 2
353886 -1 D 2
353887 -1 D 2
353888 -1 D 2
353889 -1 D 2
353890 -1 D 2
353891 -1 D 2
353892 -1 D 2
353893 -1 D 2
353894 -1 D 2
353895 -1 D 2
353896 -1 D 2
353897 -1 D 2
353898 -1 D 2
353899 -1 D 2
353900 -1 C -1
353901 0 C 12
353902 23 C -1
353903 12 C -1
353904 20 C -1
353905 10 C -1
353906 10 C -1
353907 -1 C 0
353908 -1 C 0
353909 -1 C 0
353910 -1 C 0
353911 -1 C 0
353912 20 C -1
353913 -1 C 0
353914 0 C 2
353915 23 C 2
353916 23 C 2
353917 12 C 2
353918 20 C 2
353919 -1 C 0
353920 -1 C 0
353921 -1 C 0
353922 10 C 2
353923 10 C 2
353924 -1 C 0
353925 -1 C 0
353926 -1 C 0
353927 -1 C 0
353928 -1 C 0
353929 20 C 2
353930 20 C 2
353931 -1 C 0
353932 -1 C 0
353933 -1 C 0
353934 22 D 2
353935 12 D 2
353936 2 D 2
353937 4 D 2
353938 -1 C 0
353939 7 D 2
353940 8 D 2
353941 12 D 2
353942 -1 D 2
353943 0 D 2
353944 -1 D 2
353945 -1 C 0
353946 -1 C 0
353947 -1 C 0
353948 -1 C 0
353949 -1 C 0
353950 12 D 2
353951 12 D 2
353952 -1 C 0
353953 -1 C 0
353954 -1 C 0
353955 -1 C 0
353956 -1 C 0
353957 0 D 0
353958 -1 C 0
353959 12 D 0
353960 -1 C 0
353961 -1 C 0
353962 -1 C 0
353963 -1 C 0
353964 -1 C 0
353965 23 C 2
353966 0 C 2
353967 0 C -1
353968 23 C 12
353969 14 C 2
353970 -1 C 0
353971 -1 C 0
353972 -1 C 0
353973 -1 C 0
353974 -1 C 0
353975 -1 C 0
353976 -1 C 0
353977 -1 C 0
353978 -1 C 0
353979 -1 C 0
353980 -1 C 0
353981 -1 C 2
353982 -1 C 2
353983 -1 C 2
353984 -1 C 2
353985 -1 C 2
353986 -1 C 2
353987 -1 C 2
353988 -1 C 2
353989 -1 C 2
353990 -1 C 2
353991 -1 C 2
353992 -1 C 2
353993 -1 C 2
353994 -1 C 2
353995 -1 C 2
353996 -1 C 2
353997 -1 C 2
353998 -1 C 2
353999 -1 C 2
356100 -1 C 0
356101 -1 C 0
356102 -1 C 0
356103 -1 C 0
356104 -1 C 0
356105 -1 C 0
356106 -1 C 0
356107 -1 C 0
356108 -1 C 0
356109 -1 C 0
356110 -1 C 0
356111 -1 C 0
356112 -1 C 0
356113 -1 C 0
356114 -1 C 0
356115 20 C 2
356116 -1 C 0
356117 8 C 2
356118 -1 C 0
356119 14 C 2
356120 14 C 2
356121 -1 C 0
356122 -1 C 0
356123 -1 C 0
356124 -1 C 0
356125 -1 C 0
356126 -1 C 0
356127 -1 C 0
356128 -1 C 0
356129 -1 C 0
356130 -1 C 2
356131 0 C 2
356132 23 C 2
356133 23 C 2
356134 12 C 2
356135 20 C 2
356136 -1 C -1
356137 -1 C 2
356138 1 C 2
356139 10 C 2
356140 10 C 2
356141 14 C 2
356142 14 C 2
356143 0 C 2
356144 -1 C 2
356145 -1 C 2
356146 20 C 2
356147 20 C 2
356148 0 C 2
356149 -1 C 2
356150 23 C 2
356151 23 C 2
356152 -1 C 2
356153 0 C 2
356154 0 C 2
356155 0 C 2
356156 -1 C 2
356157 -1 C 2
356158 -1 C 2
356159 1 C 2
356160 -1 C -1
356161 0 C 12
356162 23 C -1
356163 12 C -1
356164 20 C -1
356165 10 C -1
356166 10 C -1
356167 -1 C -1
356168 0 C -1
356169 -1 C 2
356170 -1 C 2
356171 -1 C 2
356172 20 C -1
356173 23 C 12
356174 -1 C -1
356175 -1 C -1
356176 -1 C -1
356177 0 C -1
356178 0 C -1
356179 0 C 12
356180 -1 C -1
356181 -1 C -1
356182 -1 C -1
356183 -1 C -1
356184 -1 C -1
356185 -1 C -1
356186 -1 C -1
356187 -1 C -1
356188 -1 C -1
356189 -1 C -1
356190 -1 C 2
356191 -1 C 2
356192 -1 C 2
356193 -1 C 2
356194 -1 C 2
356195 -1 C 2
356196 -1 C 2
356197 -1 C 2
356198 -1 C 2
356199 -1 C 2
360555 -1 C 4
360618 -1 C 4
360765 13 C -1
360766 13 C -1
360825 13 C 11
360826 13 C 11
360827 13 C 11
360828 13 C 11
360829 13 C 11
360886 13 C 11
360887 13 C 11
360966 13 C 11
360990 13 C 5
361010 13 C 11
361011 13 C 11
361012 13 C 11
361039 13 C -1
361063 13 C -1
361064 13 C -1
361065 13 C -1
361066 13 C -1
361067 13 C -1
361068 13 C -1
361069 13 C -1
361072 13 C -1
361073 13 C -1
361074 13 C -1
361075 13 C -1
361076 13 C -1
361077 13 C -1
361078 13 C -1
361079 13 C -1
361080 13 C -1
361081 13 C -1
361082 13 C -1
361083 13 C -1
361084 13 C -1
361085 13 C -1
361086 13 C -1
361116 13 C 5
361135 13 C -1
361136 13 C -1
361137 13 P -1
361147 13 C -1
361148 13 C -1
361149 13 D -1
361150 13 C -1
361152 13 C -1
361153 13 C -1
361156 13 C -1
361168 13 C -1
361170 13 C -1
361215 13 C -1
361216 13 C -1
361217 13 C -1
361274 13 C -1
361275 13 C -1
361276 13 C -1
361277 13 C -1
361278 13 C -1
361279 13 C -1
361280 13 C -1
361514 13 C -1
361515 13 C -1
361516 13 C -1
361517 13 C -1
361518 13 C -1
361519 13 C -1
361520 13 C -1
361521 13 C -1
361522 13 C -1
361523 13 C -1
361524 13 C -1
361525 13 C -1
361536 13 C -1
361537 13 C -1
361570 13 C -1
361571 13 C -1
361573 13 C -1
361574 13 C -1
361575 13 C -1
361576 13 C -1
361577 13 C -1
361578 13 C -1
361579 13 C -1
361580 13 C -1
361910 13 C -1
361911 13 C -1
364215 -1 C -1
365170 -1 C 5
365171 -1 C 5
365172 -1 C 5
365173 -1 C 5
365174 -1 C 5
365175 -1 C 5
365176 -1 C 5
365177 -1 C 5
365178 -1 C 5
365179 -1 C 5
365180 -1 C 5
365502 -1 C 4
365503 -1 C 4
365504 -1 C 4
365505 -1 C 4
365506 -1 C 4
365507 -1 C 4
365508 -1 C 4
365509 -1 C 4
365510 -1 C 5
365511 -1 C 5
365512 -1 C 5
365513 -1 C 5
365514 -1 C 5
365515 -1 C 5
365516 -1 C 5
365517 -1 C 5
365518 -1 C 5
365519 -1 C 5
365524 -1 C 4
365546 -1 C -1
365588 -1 C 4
365589 -1 C 4
365590 -1 C 4
365591 -1 C 4
365592 -1 C 4
365593 -1 C 4
365594 -1 C -1
365595 -1 C 4
365596 -1 C 4
365597 -1 C 4
365598 -1 C 4
367003 -1 C -1
367004 -1 C -1
367005 -1 C -1
367006 -1 C -1
367007 -1 C -1
367008 -1 C -1
367009 -1 C -1
367010 -1 C -1
367059 -1 C 4
367060 -1 C 4
367061 -1 C 4
367062 24 C 4
367063 -1 C 4
367064 -1 C 4
367065 -1 C 4
367066 -1 C 4
367067 -1 C 5
367068 -1 C 5
367069 -1 C 5
367070 -1 C -1
367091 -1 C 4
367093 -1 C -1
367094 -1 C -1
367095 -1 C -1
367096 -1 C -1
367097 -1 C -1
367098 -1 C -1
367099 -1 C -1
367123 13 C 11
368357 13 C 11
368446 13 C -1
368999 -1 C 4
369620 13 C 11
370001 -1 C -1
370303 -1 C -1
370308 0 C 11
370341 -1 C -1
370987 7 C 11
372002 -1 P 13
372003 -1 P 1
372292 -1 C 11
372293 -1 C 11
372294 -1 C 11
372295 -1 C 11
373001 -1 C 11
373002 -1 C 11
373003 -1 C 11
373004 -1 C 11
373005 -1 C 11
373006 -1 C 11
373007 -1 C 11
373008 -1 C 11
373009 -1 C 11
374412 -1 C -1
374413 -1 C -1
374414 -1 C -1
374419 -1 C -1
374429 -1 C -1
374431 -1 C 11
374432 -1 C 11
374433 -1 C 11
374434 -1 C -1
374435 -1 C -1
374436 -1 C -1
374437 -1 C -1
374438 -1 C -1
374439 -1 C -1
374457 -1 C -1
374458 -1 C -1
374459 -1 C -1
374461 -1 C -1
374462 -1 C -1
374463 -1 C -1
374464 -1 C -1
374465 -1 C -1
374466 -1 C -1
374467 -1 C -1
374468 -1 C -1
374469 -1 C -1
374471 -1 C -1
374472 -1 C -1
374473 -1 C -1
374474 -1 C -1
374475 -1 C -1
374476 -1 C -1
374477 -1 C -1
374478 -1 C -1
374479 -1 C -1
374740 11 C 11
374741 11 C 11
374742 11 C 11
374753 -1 P -1
374781 -1 P 1
374782 -1 P 1
374783 -1 P 1
374834 14 C 11
374849 -1 C 14
374850 -1 C 14
374851 -1 C 14
374852 -1 C 14
374853 -1 C 14
374854 -1 C 14
374855 -1 C 14
374856 -1 C 14
374857 -1 C 14
374858 -1 C 14
374859 -1 C 14
374860 -1 C 14
376017 -1 C -1
376018 -1 C -1
376532 -1 C 14
376533 -1 C 14
376534 -1 C 14
376535 -1 C 14
376536 -1 C 14
376537 -1 C 14
376538 -1 C 14
376539 -1 C 14
376540 -1 C 14
376541 -1 C 14
376874 -1 C 14
376901 -1 C -1
376902 -1 C -1
376903 -1 C -1
376904 -1 C -1
376905 -1 C -1
376906 -1 C -1
376907 -1 C -1
376908 -1 C -1
376909 -1 C -1
376910 -1 C 11
376911 -1 C 11
376912 -1 C 11
376913 -1 C 11
376914 -1 C 11
376915 -1 C 11
376916 -1 C 11
376917 -1 C 14
376918 -1 C 14
376919 -1 C 14
376920 -1 C -1
376921 -1 C -1
376922 -1 C -1
376923 -1 C -1
376924 -1 C -1
376925 -1 C -1
376926 -1 C -1
376927 -1 C -1
376928 -1 C -1
376929 -1 C -1
376930 -1 C 11
376931 -1 C 11
376932 -1 C 11
376933 -1 C 11
376934 -1 C 11
376935 -1 C 11
376936 -1 C 11
376937 -1 C 11
376938 -1 C 11
376939 -1 C 11
376940 -1 C 14
376941 -1 C 14
376942 -1 C 14
376943 -1 C 14
376944 11 C 11
376945 -1 C 14
376946 -1 C 14
376955 -1 C -1
376956 -1 C -1
376957 -1 C -1
376958 -1 C -1
376959 -1 C -1
376961 -1 C -1
376962 -1 C -1
376965 -1 C -1
376967 -1 C -1
376980 -1 C -1
376991 -1 C -1
376992 -1 C -1
376993 -1 C -1
376994 -1 C -1
376995 -1 C -1
376996 -1 C -1
376997 -1 C -1
376998 -1 C -1
376999 -1 C -1
377040 11 C 11
377041 11 C 11
377150 0 C 11
377151 14 C 11
377154 0 C 11
377681 -1 P -1
378006 14 C 11
378007 11 C 11
378255 -1 P 1
379339 -1 C 14
379343 -1 C 11
379397 -1 C 11
379556 -1 P 1
379852 -1 C 11
379853 -1 C 11
379854 -1 C 11
379861 -1 C 11
379862 -1 C 11
379863 -1 C 11
379867 -1 C 11
379868 -1 C 11
379869 -1 C 11
379870 -1 C 11
379871 -1 C 11
379872 -1 C 11
379876 -1 C 11
379877 -1 C 11
379878 -1 C 11
379914 -1 P -1
379947 -1 P -1
380039 -1 C 4
380059 -1 C 4
380089 -1 C 4
380090 -1 C 4
380091 -1 C 4
380092 -1 C 4
380093 -1 C 4
380094 -1 C 4
380095 -1 C 4
380099 -1 C 4
380126 -1 C 4
380499 -1 C 4
380714 -1 C 4
380899 -1 C 4
380999 -1 C 4
381999 -1 C 4
382199 -1 C 4
382299 -1 C 4
382499 -1 C 4
382699 -1 C 4
382750 -1 C 4
382790 -1 C 4
382792 -1 C 4
382794 -1 C 4
382797 -1 C 4
382798 -1 C 4
382799 -1 C 4
382999 -1 C 4
383799 -1 C 4
383999 -1 C 4
384250 -1 C 4
384399 -1 C 4
384499 -1 C 4
384599 -1 C 4
384669 -1 C 4
384699 -1 C 4
384830 -1 C 4
384899 -1 C 4
384999 -1 C 4
385446 -1 C 4
385999 -1 C 4
386163 -1 C 4
386999 -1 C 4
387999 -1 C 4
388712 -1 C 4
400016 0 P 0
400017 0 P 0
400018 0 P 15
400019 0 P 15
400032 0 P 0
400033 0 P 0
400034 0 P 0
400035 0 P 0
400036 0 P 0
400037 0 P 0
400038 0 P 15
400040 0 P 15
400042 0 P 15
400043 0 P 15
400044 0 P 15
400045 0 P 15
400098 -1 C -1
400306 25 C 2
400524 25 C 16
400566 -1 C 17
400625 5 D 0
400666 0 C 0
400667 0 C 8
400739 7 C 15
400782 11 D 2
400815 18 D 16
400828 20 C 2
400843 11 D 2
400914 13 D 18
401013 -1 D -1
401063 26 C 16
401137 -1 D 2
401138 26 D 2
401151 7 P 19
401152 7 P 19
401345 27 D 16
401347 26 D 0
401375 6 D 0
401403 13 C 2
401561 26 C 20
401578 5 C 2
401593 20 C 0
401613 26 D 16
401646 6 D 0
401698 -1 D 2
401704 11 D 2
401711 11 D 2
401736 20 D 0
401767 11 D 2
401772 11 D 2
401780 11 D 2
401784 11 D 2
401796 11 D 2
401798 11 D 2
401806 11 D 2
401822 -1 D 0
401823 -1 D 2
401825 14 D 0
401860 12 D 2
401920 11 D 2
401938 28 P -1
402005 5 D 16
402013 -1 C 18
402062 -1 P 15
402093 5 D 21
402107 7 D 21
402133 7 D 16
402142 7 D 2
402172 5 D 18
402219 13 C 16
402275 -1 C 16
402359 13 C 16
402368 26 C 20
402544 7 D 21
402565 11 P -1
402635 20 C 2
402657 23 D 16
402670 7 D 16
402729 7 D 5
402735 1 D 0
402741 23 D 21
402742 -1 P 15
402743 7 D 2
402744 7 D 2
402745 7 D 2
402746 7 D 2
402770 14 C 18
402790 6 D 19
402807 7 D 2
402853 11 C 8
402874 29 C 21
402911 7 D 2
402963 7 D 2
402970 1 C 2
402985 23 D 19
402986 1 C 16
403009 0 C 2
403123 7 D 2
403250 0 C 16
403251 0 D 8
403296 -1 P -1
403362 7 C 21
403398 6 D 19
403399 1 C 20
403402 30 D 0
403506 14 D 21
403562 11 C 2
403575 7 D 2
403730 7 D 2
403741 7 D 2
403748 -1 P -1
403749 -1 P -1
403776 26 P 2
403811 -1 C 22
403839 18 D 0
403875 13 D 5
403937 -1 P -1
403940 -1 D 0
404069 31 D 0
404241 7 D 19
404248 14 D 2
404249 13 C 16
404276 13 C 0
404322 25 D 19
404464 11 D 2
404465 11 D 2
404582 28 D 16
404638 10 C 2
404652 10 C 21
404676 32 D 0
404745 0 C 16
404775 4 D 0
404778 0 P 0
404834 1 D 0
404835 7 C 16
404917 -1 P 15
404989 25 D 0
405023 10 C 16
405028 13 C 2
405036 33 D 18
405100 28 D 0
405204 10 C 23
405210 10 C 15
405214 20 D 21
405238 3 D 19
405265 0 D 0
405267 7 D 2
405268 7 D 2
405269 4 D 0
405338 14 D 16
405342 14 D 16
405393 20 P 15
405450 0 C 15
405451 24 C 8
405456 -1 D 0
405533 11 C 16
405545 -1 D -1
405663 7 D 0
405920 14 C 2
405988 13 D 2
405994 11 D 21
405995 7 C 18
405997 7 D 18
406073 3 P 5
406079 3 P 0
406094 3 P 5
406156 15 D 16
406228 7 D 2
406229 34 C 16
406324 11 D 0
406429 1 D 0
406472 18 P 0
406477 0 C -1
406578 13 C 0
406581 -1 D 8
406583 11 P 15
406584 0 P 2
406597 11 D 16
406599 9 D 0
406784 18 D 0
406814 22 D 0
406894 11 D 16
406976 14 D 0
406977 35 C 20
407070 10 C 22
407146 33 C 2
407186 7 C 20
407200 7 C 20
407229 -1 D 0
407352 11 C 16
407358 -1 D 0
407436 1 C 16
407438 7 C 15
407439 7 C 16
407480 1 C 16
407484 14 C 21
407487 1 C 21
407488 18 P 0
407489 18 P 0
407490 26 D 23
407491 26 D 23
407492 26 D 23
407493 18 P 0
407494 18 P 5
407495 29 C 22
407496 -1 D 0
407497 13 C 18
407498 13 C 23
407499 7 C 21
407593 -1 D 0
407646 -1 D 0
407651 7 C 16
407652 -1 C -1
407659 11 C 0
407660 34 D 0
407669 -1 D -1
407682 26 C 20
407686 1 C 20
407706 7 P 15
407712 14 C 2
407718 1 C 2
407720 36 D 5
407724 -1 P 2
407758 15 D 0
407764 37 D 0
407771 -1 P 2
407845 32 D 2
407860 -1 D 2
407898 20 D 2
407899 18 D 0
407918 11 C 2
407926 11 C 16
407984 11 D 21
407994 20 D 2
407997 18 D 0
408511 11 C 16
408514 10 C 2
408542 7 D 2
408821 -1 D 11
408849 7 D 2
408876 21 D 0
408981 13 D -1
408982 37 P 1
408983 37 D -1
408984 37 D -1
408993 7 D -1
408994 7 D -1
408995 11 D -1
409030 6 C 0
409031 6 C 8
409064 23 C 0
409100 12 P 0
409268 -1 C 0
409304 31 D 2
409361 0 P 0
409386 18 P 19
409513 11 D 2
409542 7 D 2
409574 11 C 15
409575 12 P 0
409638 0 C 20
409642 11 D 21
409643 38 D 16
409695 0 C 2
410028 32 D 0
410030 -1 C -1
410038 7 C 16
410059 11 C 0
410093 11 C 15
410153 3 C -1
410202 11 C 5
410309 29 C -1
410412 10 D 2
410531 1 C 2
410532 1 C 0
410533 21 D 2
410595 19 D 16
410852 28 P 0
411146 7 C 16
411152 28 P 0
411177 14 P 15
411428 -1 D 2
411656 11 D 18
411930 7 D 0
411990 27 D 2
412151 0 D 0
412211 0 D 2
412597 15 C 15
412729 -1 D 0
412903 29 C 0
412905 29 C 8
412929 -1 C 22
412947 0 C 20
412997 -1 D 0
413245 -1 C 22
413289 11 C 5
413501 25 P 0
413508 -1 D 0
413522 -1 D 0
413523 -1 D 2
413531 11 D 2
413546 -1 D 0
413547 -1 D 0
413589 7 D 2
413688 0 C 2
413780 -1 D -1
414098 13 D 21
414168 0 C 16
414366 11 D 2
414367 11 D 2
414752 14 C 16
414767 20 C 16
414772 14 C 16
414876 0 C 16
415053 6 D 2
415202 23 D 0
415248 -1 C 15
415382 7 D 2
415527 7 D 0
415528 7 D 0
415575 0 C 16
415623 11 D 2
415625 11 D 2
415641 11 D 2
415921 13 P 2
416021 13 D 2
416101 0 C 16
416133 -1 D 2
416233 13 D 21
416236 18 P 0
416292 14 D 2
416317 13 C 20
416336 11 D 21
416432 0 C 2
416452 -1 C 16
416453 -1 C 15
416492 0 P 2
416499 0 D 16
416505 0 P 15
416643 20 C 8
416644 20 C 2
416645 20 C 20
416646 20 C 20
416771 22 D 5
416772 15 D 0
416839 10 D 16
416846 14 D 0
416851 10 D 16
416885 10 D 2
416886 10 D 2
417288 10 P 2
417336 12 C 2
417349 7 D 2
417380 7 D 2
417405 7 D 2
417410 13 C 21
417642 10 D 2
417851 39 C 2
417882 0 C 2
417916 7 C -1
417917 7 D 0
417921 6 D 0
417942 0 C 20
417943 0 C 20
418123 11 D 0
418124 11 D 0
418126 7 C -1
418130 -1 D 0
418133 11 D 8
418135 -1 D -1
418136 13 C 23
418157 11 D 0
418158 11 D 8
418174 7 P 15
418175 7 P 15
418176 7 P 15
418177 7 P 15
418210 7 D 2
418212 31 C 16
418218 13 C -1
418219 13 D 0
418226 7 D 5
418227 -1 D -1
418228 11 D 16
418234 13 P 15
418235 13 P 15
418241 -1 C -1
418254 13 P 15
418255 13 P 15
418264 13 P 15
418269 28 C 20
418276 35 D 16
418508 34 C 2
418685 9 C 8
418686 9 C 2
418688 7 C 16
418730 1 D 2
418799 13 D 5
419188 13 D 2
419607 29 C 5
419762 23 P 2
419788 8 C 0
419789 8 C 8
419937 -1 D 2
419952 0 C 23
419953 -1 P -1
419975 11 D 0
419981 12 D 0
420049 11 C 18
420081 -1 D 21
420084 11 D 2
420088 11 D 2
420090 13 D 18
420125 7 P 15
420133 7 P 5
420134 7 P 15
420278 -1 C 15
420337 14 D 16
420362 0 D 16
420416 23 D 5
420452 10 P 2
420557 13 P 2
420580 11 C 22
420581 -1 P 2
420710 2 D 2
420712 1 D 2
420739 0 C 2
420746 5 D 18
420750 7 D 21
420755 11 D 21
420904 11 C 5
420905 0 C 16
421006 7 D 2
421012 0 C 16
421045 7 D 2
421137 7 C 21
421175 24 P 5
421189 -1 D 19
421190 -1 D 0
421311 13 P 2
421314 13 D 0
421318 13 D 0
421319 3 D 0
421320 13 P 15
421321 13 P 15
421322 13 P 15
421323 11 D 8
421324 14 D 0
421325 7 P 15
421326 7 P 15
421328 13 P 15
421330 13 P 15
421331 13 P 15
421332 13 P 15
421334 13 P 15
421335 10 D 0
421337 34 D 0
421340 13 D 18
421341 23 D 0
421366 26 D 23
421368 12 D 0
421380 7 P 0
421389 1 C 16
421390 13 P 0
421392 13 D 8
421395 18 D 0
421409 39 D 0
421419 7 P 15
421424 13 D 8
421426 18 D 0
421427 -1 D 5
421436 25 D 0
421438 11 D 0
421444 -1 C 2
421458 6 D 0
421466 7 P 15
421479 11 P 0
421480 11 D 0
421490 18 P 0
421491 13 D 21
421492 40 D 0
421493 20 D 16
421495 8 D 0
421517 -1 D 0
421519 7 P 15
421520 7 P 15
421529 11 P 15
421539 7 D 0
421560 30 D 0
421572 7 D 8
421578 13 D 0
421590 11 D 0
421601 0 D 0
421603 0 P -1
421606 0 P -1
421617 -1 D 0
421621 -1 D 8
421624 21 P 22
421627 11 D 0
421628 11 D 5
421630 11 D 8
421662 18 D 0
421674 0 D 0
421681 14 D 8
421687 0 P 0
421688 0 P 0
421752 -1 C -1
421768 11 D 2
422017 -1 D -1
422108 -1 D -1
422132 37 D 0
422179 -1 D -1
422198 37 C 8
422316 -1 C -1
422662 -1 D 0
422677 -1 D 0
423050 -1 D -1
423068 -1 D -1
423226 7 C 16
423227 7 C 2
423281 10 D 21
423348 -1 D 0
423364 23 P -1
423529 23 D 2
423537 26 D 21
423579 26 D 21
423610 26 D 21
423630 26 D 0
423796 0 C 16
423975 13 D 21
424003 -1 C -1
424004 -1 C -1
424019 -1 C -1
424058 -1 C -1
424059 -1 C -1
424069 -1 C -1
424070 -1 C -1
424077 -1 C -1
424081 -1 C -1
424088 -1 C -1
424089 -1 C -1
424090 -1 C -1
424098 -1 C -1
424125 -1 D 18
424220 -1 C -1
424246 13 C 20
424273 -1 C -1
424307 -1 C 2
424389 -1 C -1
424390 -1 C -1
424427 -1 C -1
424489 -1 C -1
424581 -1 C -1
424582 -1 C -1
424583 -1 C -1
424627 -1 D 16
424707 -1 C -1
424761 -1 C -1
424768 -1 C -1
424800 -1 C -1
424801 -1 C -1
424809 -1 C -1
424810 -1 C -1
424817 -1 C -1
424827 -1 C -1
424829 -1 C -1
424830 -1 C -1
424832 -1 C -1
424833 -1 C -1
424841 -1 C -1
424842 -1 C -1
424843 -1 C -1
424846 -1 C -1
424850 -1 C -1
424858 35 D 23
424863 -1 C -1
424864 -1 C -1
424866 -1 C -1
424867 -1 C -1
424870 -1 C -1
424871 -1 C -1
424874 -1 C -1
424876 -1 C -1
424877 -1 C -1
424879 -1 C -1
424880 -1 C -1
424883 -1 C -1
424884 -1 C -1
424885 18 C 5
424886 18 C 16
424887 -1 C -1
424888 -1 C -1
424890 -1 C -1
424891 -1 C -1
424893 -1 C -1
424894 -1 C -1
424896 -1 C -1
424897 -1 C -1
424898 -1 C -1
424899 -1 C -1
424921 -1 C -1
424922 -1 C -1
424932 -1 C -1
424977 -1 C -1
424988 -1 C -1
424990 -1 C -1
424991 -1 C -1
424992 -1 C -1
424994 -1 C -1
424996 -1 C -1
424997 -1 C -1
424998 -1 C -1
424999 -1 C -1
425176 -1 P 2
425698 13 C 2
425805 12 C 0
425806 7 C 2
425880 7 D 21
426015 11 C -1
426019 -1 D -1
426057 18 C -1
426063 11 C 16
426099 -1 D -1
426241 37 C 0
426242 37 C -1
426318 -1 D -1
426348 25 D 18
426357 23 D 0
426365 15 P 2
426740 -1 P 2
426859 15 D 5
426860 1 D 0
426923 -1 C -1
427124 14 C 21
427298 -1 P -1
427362 -1 D 18
427371 -1 D 2
427421 -1 C 5
427423 10 P 15
427621 10 C 2
427665 10 C 16
427879 13 P 2
427919 12 D 0
428090 20 D 0
428091 20 D 2
428092 20 D 2
428093 20 D 8
428094 20 D 2
428095 20 D 2
428096 20 D 16
428097 20 D 21
428098 20 D 5
428099 20 D 18
428102 26 C 16
428123 18 P 0
428264 -1 C 2
428302 18 D 0
428306 20 D 0
428318 11 P 2
428320 4 D 0
428336 20 D 19
428348 20 D 2
428376 0 D 8
428377 0 D 8
428382 11 D 0
428383 11 D 8
428414 -1 D 2
428479 34 C 5
428529 5 D 0
428626 -1 D 5
428627 -1 D 5
428675 18 D 0
428976 -1 D -1
429060 35 D 16
429248 -1 D -1
429300 32 D 0
429303 7 C 16
429304 23 C 8
429344 7 C 2
429345 0 C 15
429390 -1 C 0
429391 7 C 16
429393 20 D 23
429898 -1 D 16
429966 38 D 2
430030 7 D 21
430033 12 D 18
430049 12 C 2
430217 35 D 8
430295 35 D 8
430320 35 D 2
430421 35 D 5
430450 34 C -1
430462 35 D 18
430463 7 C 16
430469 -1 P -1
430570 13 C 16
430832 7 C 2
430833 7 C 16
430834 7 C 21
431104 -1 C 16
431118 3 C -1
431119 3 C 8
431154 -1 D 0
431263 -1 C -1
431393 23 D 2
431418 20 P 0
431459 0 C 16
431581 11 C 20
431731 7 D 2
431733 12 D 16
431735 -1 P -1
431750 -1 D -1
431754 0 C 0
431757 0 C 0
431761 7 C -1
431763 11 P 0
431778 38 D 0
431921 10 P 5
431922 24 P 5
431990 24 P 5
432001 1 D 2
432090 18 D 0
432093 18 D 0
432094 18 D 0
432098 18 D 8
432099 18 D 2
432168 -1 P 2
432198 7 D 0
432199 34 D 0
432510 4 D 2
432622 10 C 2
432707 -1 C -1
432716 11 D 2
432727 11 D 2
432808 34 C 0
432809 34 C 8
433150 23 D 0
433153 8 C 15
433169 7 D 2
433238 11 P 2
433274 -1 P 2
433275 -1 P 2
433394 26 D 0
433580 11 P 2
433582 -1 D 0
433587 0 C 16
433588 0 C 2
433662 11 P 0
433698 10 P 15
433763 20 C 15
433787 10 C 2
433948 -1 C 8
433950 -1 C 2
433951 -1 C 0
433973 10 C -1
434071 3 C 8
434081 25 C -1
434155 13 C 16
434158 7 D 2
434168 13 C 2
434301 11 D 23
434302 11 P 15
434303 11 P 15
434328 1 C 20
434354 10 P 2
434413 0 D 2
434414 10 D 16
434415 10 D 16
434416 0 D 0
434436 10 P 2
434545 -1 D -1
434658 12 D 0
434668 20 C 21
434669 23 D 2
434672 32 D 2
434676 -1 D 0
434677 13 C 0
434678 13 C 8
434919 5 P 2
434990 7 C 5
435376 13 C 2
435386 13 C 2
435393 13 C 16
435502 13 D 16
435584 13 D 16
435616 0 C 16
435708 8 D 0
435736 7 D 0
435779 -1 C 2
436152 13 C 21
436234 -1 D -1
436249 -1 P 2
436303 13 D 2
436311 0 D 2
436312 28 D 2
436316 -1 D -1
436325 7 D -1
436328 -1 P 5
436329 -1 P 5
436330 -1 P 5
436331 -1 P 5
436333 6 D 8
436336 7 P -1
436359 9 P 0
436360 7 D 21
436369 28 D 2
436370 28 D 2
436371 28 D 2
436372 28 D 2
436373 28 D -1
436388 20 C 8
436389 20 C 2
436390 20 C 20
436391 28 D 2
436393 14 D 2
436395 14 D 18
436408 10 P 2
436409 -1 P 15
436410 20 P -1
436412 20 P 15
436413 20 P 15
436426 10 P 15
436427 29 P 2
436428 8 C 16
436431 20 P -1
436437 12 P -1
436470 7 D 2
436488 -1 D -1
436518 7 P -1
436520 0 C 16
436534 11 D 21
436537 7 D -1
436538 12 D 0
436543 11 D 2
436558 -1 D 8
436560 7 C 21
436582 2 D -1
436584 24 P 5
436585 24 P 5
436595 29 D 2
436596 29 D 2
436601 7 C 16
436696 7 C 22
436733 -1 P 15
436825 1 C 20
437148 -1 D -1
437312 38 D 0
437313 38 D 2
437364 12 D 0
437365 12 P -1
437366 12 P -1
437378 12 C 2
437382 24 D 2
437383 24 D 2
437384 24 D 2
437385 24 D 2
437386 24 D 2
437387 24 D 2
437388 3 P 0
437400 20 D 2
437401 20 D 2
437402 20 D 2
437403 20 D 2
437409 20 P 2
437410 20 P 5
437411 20 P 5
437412 20 P 5
437413 20 P 5
437415 -1 P 2
437416 20 P 2
437501 31 D 0
437502 31 D 8
437503 31 D 16
437504 31 D -1
437515 23 P -1
437532 3 P 0
437546 13 C 21
437547 7 P 0
437549 31 D 0
437551 11 C 2
437570 31 D 2
437579 14 D -1
437582 -1 D -1
437706 23 D 8
437737 -1 D 0
437738 -1 D 2
437748 0 C 2
437751 7 C 2
437854 -1 D -1
437891 18 D 0
437899 -1 D 0
438052 39 C -1
438105 0 C 0
438106 7 C 20
438110 1 C 2
438114 11 D 18
438324 -1 D -1
438368 -1 D -1
438411 41 C -1
438414 38 C 16
438430 41 C -1
438431 41 C -1
438446 41 C -1
438459 -1 C 21
438468 41 C -1
438503 11 D 2
438520 -1 D 0
438533 30 D 2
438559 -1 D 21
438587 7 C 2
438623 22 P 0
438624 13 D 0
438628 7 C 16
438645 -1 P 5
438653 -1 P -1
438669 -1 P -1
438773 0 C 2
438774 0 C 2
438790 35 D 23
438887 20 D 2
438976 36 D 0
438988 -1 D 0
439123 5 C 20
439126 29 C -1
439154 12 C 0
439155 12 C 8
439173 -1 C -1
439174 -1 C 2
439181 1 D 2
439261 -1 D 0
439263 5 D 0
439266 15 D 5
439359 11 D 2
439583 -1 D -1
439830 -1 D -1
439970 20 D 2
439992 26 C 20
440006 7 C 20
440357 7 C 16
440384 13 D 0
440523 26 C 21
440899 13 D 16
441078 13 P 2
441283 14 C 21
441284 7 C 2
441285 14 C 2
441351 -1 P 15
441354 13 P 0
441361 21 P 2
441708 29 C 2
441995 7 C 16
442008 7 C 2
442070 11 C 16
442122 20 C 5
442123 20 C 22
442124 20 C 2
442126 20 C 16
442127 20 C 16
442128 20 C 16
442129 20 C 20
442142 13 C 2
442144 13 C 20
442145 13 C 22
442149 13 C 22
442153 13 C 18
442154 13 C 23
442155 13 C 22
442156 13 C 22
442157 13 C 22
442158 13 C 15
442305 11 D 2
442306 11 D 2
442307 11 D 2
442308 11 D 2
442310 11 D 2
442311 11 D 2
442378 13 D 2
442411 10 D 8
442419 29 D 2
442420 29 D 2
442431 -1 P 2
442437 -1 C 0
442651 11 D 16
442652 11 D 2
442653 11 D 2
442654 11 D 2
442655 11 D 16
442768 11 D 16
442783 28 C 16
443023 11 D 21
443024 11 D 2
443464 35 D 21
443546 -1 D 0
443622 5 D 0
443682 14 P 2
443767 -1 D -1
443814 6 C 0
443816 6 C 8
443820 10 C 20
444159 -1 D -1
444261 14 D 2
444341 26 C 20
444587 -1 D -1
444646 -1 D -1
444809 11 D 2
444810 11 D 21
445002 13 D 2
445041 12 P -1
445046 7 D 2
445063 7 P 15
445064 7 P 15
445065 7 P 15
445068 7 P 19
445069 7 P 19
445073 -1 P 15
445084 11 C 15
445085 14 D 0
445129 -1 C 16
445310 0 C 2
445532 25 P 0
445533 25 P -1
445534 25 P -1
445535 25 P -1
445693 21 P 2
445694 -1 P 15
445697 10 P 2
445865 0 C 2
446225 20 D 0
446604 13 C 15
446605 13 C 22
446606 13 C 2
446607 13 C 16
446626 26 P 2
446644 -1 D -1
446647 -1 D -1
446658 -1 D -1
446888 11 D 2
446889 11 D 2
447380 11 C 2
447692 -1 C 0
447743 -1 D -1
447746 11 C 0
447747 11 C 8
447748 -1 P 5
447758 11 C 0
447959 7 D 2
448197 0 C 2
448198 1 D 16
448199 1 D 2
448787 7 C 2
448965 11 D 16
448967 11 C 2
449150 0 D 0
449331 20 C 15
449575 -1 P -1
449612 -1 P -1
450014 -1 C 2
450106 -1 C -1
450144 -1 C -1
450146 -1 C -1
450159 -1 C -1
450161 -1 C -1
450167 -1 C -1
450169 -1 C -1
450170 28 D 21
450171 28 D 21
450172 11 C 16
450175 -1 C -1
450176 -1 C -1
450478 1 D 8
450502 7 D 0
450503 7 D 2
450504 7 D 18
450506 7 C 15
450523 37 P -1
450527 2 D 0
450572 20 P 2
450623 12 C 0
450711 11 D 5
450836 3 P 0
450858 6 P 0
450900 -1 C 22
451006 20 P 2
451104 13 C 16
451150 12 C 0
451452 37 D 0
451453 3 D 0
451455 10 D 2
451456 7 C 2
451457 7 C 2
451458 1 C 2
451459 7 C 16
451460 7 C 21
451469 13 C 16
451487 28 C 20
451840 6 C 5
452011 12 D 2
452055 12 D 8
452497 21 D 18
452572 0 C 16
452574 0 C 16
453124 9 C 2
453125 9 C 15
453154 -1 P 5
453156 23 C 0
453157 -1 C 21
453158 0 C 2
453159 32 C 2
453270 6 D 16
453275 6 D 18
453561 13 P 2
453757 -1 C 2
453795 1 D 21
453796 11 D 24
453992 12 C 8
453995 -1 P 5
454180 29 C -1
454181 29 C -1
454198 29 C 2
454362 6 C 0
454363 6 C 0
454485 2 C 0
454543 10 D 2
454719 0 D 0
454848 20 C 0
454882 11 D 23
455038 7 C 2
455084 -1 C -1
455380 -1 D 8
455390 7 C 15
455392 14 C 15
455446 11 D 2
455451 11 D 2
455452 11 P -1
455484 32 D 2
455652 -1 P 5
455661 11 D 21
455813 11 D 2
455886 5 P 15
456342 -1 C 0
456398 29 C 0
456407 7 C 16
456476 21 P 2
456519 35 D 23
456719 -1 C 8
456822 21 P 2
457036 35 C 21
457069 -1 P 2
457262 13 C 23
457274 11 D 2
457323 -1 P -1
457355 34 P 0
457357 22 D 2
457379 10 C -1
457392 11 P 15
457467 14 P 15
457474 1 D 18
457486 4 D 8
457487 4 D 16
457488 4 D 2
457500 28 D 5
457514 -1 D 0
457528 11 P 5
457546 14 P 2
457552 7 P 0
457580 7 P 15
457581 7 P 15
457582 7 P 15
457583 7 P 15
457584 7 P 15
457585 7 P 15
457586 7 P 15
457587 7 P 15
457588 7 P 15
457589 7 P 5
457590 7 P 5
457611 -1 D -1
457623 3 C 2
457624 3 D 2
457625 11 P 5
457626 11 P 5
457704 13 C 18
457723 21 P 2
457741 -1 D 0
457742 -1 D 8
457743 -1 D 2
457785 -1 P 2
458104 18 D 0
458105 18 P -1
458112 18 D 0
458118 18 D 2
458134 18 P 0
458135 18 P 0
458136 18 P 0
458159 18 P -1
458268 5 P 2
458280 13 P 22
458281 13 P 0
458451 12 D 0
458452 12 D 8
458519 0 D 0
458530 -1 C -1
458544 1 C -1
458545 29 D 2
458546 29 D 2
458576 -1 C -1
458585 2 C -1
458599 7 C -1
458777 18 D 0
458778 18 D 8
458817 26 P 2
458829 -1 C -1
458865 37 C -1
459115 0 D 0
459150 0 D 0
459151 0 D 0
459152 0 D 0
459153 0 D 2
459154 0 D 8
459155 0 D 8
459156 0 D 0
459157 0 D 0
459158 0 D 0
459159 0 D 8
459160 0 D 2
459161 0 D 0
459162 0 D 0
459163 0 D 2
459164 0 D 8
459165 0 D 2
459166 0 D 0
459167 0 D 0
459168 0 D 0
459169 0 D 8
459170 0 D 2
459171 0 D 0
459172 0 D 0
459173 0 D 8
459174 0 D 8
459175 0 D 2
459176 0 D 0
459177 0 D 0
459178 0 D 2
459179 0 D 8
459180 0 D 2
459181 8 D 8
459182 5 D 0
459183 5 D 2
459184 2 D 2
459185 0 C 5
459186 0 D 5
459187 0 D 18
459188 0 C 25
459189 0 D 0
459190 0 D 5
459191 0 D 5
459192 0 D 5
459193 0 D 5
459194 0 D 5
459195 0 D 18
459196 0 D 18
459197 0 D 18
459198 0 D 5
459199 0 D 18
459200 0 D 0
459201 0 D 0
459202 0 D 2
459203 0 D 0
459204 0 D 0
459205 0 D 0
459216 23 D 0
459223 12 C 18
459247 0 C 2
459249 12 C 16
459277 -1 P 5
459299 -1 D 0
459453 20 D 0
459557 12 D 16
459815 -1 P -1
459816 -1 P -1
459818 2 D 0
459820 -1 P 5
459845 3 D 0
459853 10 C -1
459878 -1 C -1
459894 1 C -1
459924 8 D 0
460024 -1 P 2
460133 6 D 0
460134 6 D 2
460139 23 C 16
460156 23 C 2
460214 0 C 16
460396 -1 D -1
460490 7 D 0
460581 -1 D 0
460689 0 C 2
460695 -1 D 21
460721 11 C 5
460773 12 P -1
461095 0 D 0
461111 13 P 2
461112 13 P 2
461113 13 D 2
461116 7 C 2
461117 7 C 2
461118 7 C 16
461119 0 C 2
461133 11 C 21
461134 1 D 5
461148 23 D 0
461244 14 C 2
461358 13 D 5
461680 7 D 2
461701 10 C -1
461707 11 C 16
461709 -1 C 16
461714 10 C 2
461715 -1 C 5
461716 -1 C 2
461721 -1 C 2
461730 -1 D 0
461732 -1 D 2
461749 11 C 15
461759 -1 C -1
461765 12 D 2
461786 13 C 2
461787 13 C 16
461794 0 D -1
461795 7 C 16
461796 7 C 21
461797 7 C 21
461933 22 D 0
461934 22 D 8
461940 13 C 2
461991 7 P 15
461992 7 P 15
461999 40 D 8
462012 10 P 15
462016 -1 D 0
462098 10 P 15
462102 10 P 15
462118 10 P 15
462138 10 D 16
462242 13 C 16
462243 2 C 2
462244 2 D 0
462264 6 P -1
462269 29 C 2
462270 29 D 2
462271 29 C 2
462272 29 D 26
462273 29 C 2
462409 20 C 15
462411 23 P -1
462412 23 P -1
462413 23 P -1
462415 -1 D 2
462477 13 C 18
462488 8 D 0
462490 -1 C 2
462491 -1 C 15
462494 -1 P 15
462495 4 D 0
462846 0 C 16
462847 0 C 16
462848 12 C 2
462851 25 D 5
462858 7 P 5
462859 7 P 5
462860 7 P 15
462861 7 P 5
462862 7 P 5
462863 7 P 5
462864 7 P 5
462865 7 P 5
462866 7 P 5
462904 11 D 5
462952 11 P 15
462963 12 C 0
462986 11 C 2
462994 8 C 2
462996 11 P 15
462999 11 P -1
463202 13 C 2
463216 2 P -1
463217 23 P -1
463220 7 D 18
463228 26 C 15
463237 28 D 0
463238 28 D 16
463621 10 P 2
463663 20 C 16
463665 29 D 2
463704 13 D 16
463733 7 P 2
463786 0 D 0
463787 14 C 5
463795 33 D 0
463802 11 D 2
463803 11 D 2
463870 11 D 2
463873 11 D 16
463917 13 C 16
463918 13 C 23
463919 13 C 15
463921 7 C 2
463969 10 D 26
464115 13 D 0
464118 7 C 2
464119 7 C 2
464163 26 D 2
464247 13 P 0
464293 28 D 16
464354 12 D 0
464362 10 P 15
464516 -1 D 2
464534 13 D -1
464535 13 D -1
464536 13 D -1
464537 13 D -1
464538 13 D -1
464539 13 D -1
464540 13 D -1
464541 13 D -1
464542 13 D -1
464545 13 D -1
464548 13 D -1
464558 -1 C 15
464559 0 D 8
464560 10 C -1
464561 10 C -1
464651 11 D 2
464656 25 C 27
464918 8 D 0
464958 8 C 15
464963 40 P -1
464970 11 D 0
465474 11 D 2
465511 11 D 21
465514 11 D 8
465523 35 C 16
465573 11 D 8
466059 18 D 0
466125 -1 D 5
466130 13 P 15
466242 1 D -1
466256 28 D 5
466257 28 D 5
466505 35 C 2
466519 14 P 5
466520 14 P 5
466521 14 P 5
466522 14 P 15
466523 -1 P 8
466534 0 D -1
466535 0 P 0
466545 7 P -1
466546 7 P 15
466547 7 P 15
466567 40 P 0
466572 35 C 2
466592 14 P 5
466594 14 P 5
466595 11 D 21
466597 7 D 23
466704 11 D 0
466705 -1 C 16
466706 5 D 18
466730 1 C 20
466731 1 C 20
466732 -1 D -1
466734 -1 D -1
466747 -1 D -1
466820 -1 D -1
467022 -1 P -1
467029 23 P 2
467030 23 P 2
467031 23 P 2
467190 26 C 22
467191 -1 C 0
467741 1 C 16
467742 0 C 16
467879 5 P 15
467880 -1 P -1
467881 -1 P -1
467882 -1 C -1
467937 28 D 0
467938 -1 D -1
467967 29 D 15
467969 8 D -1
468305 -1 D -1
468545 7 P -1
468556 -1 D 5
468557 -1 D 5
468560 12 D 0
468742 0 C 16
468743 0 C 2
468756 1 D 19
468772 2 C 2
468774 -1 P -1
468778 6 C 0
468779 6 D 0
468798 1 C 2
468799 11 D 16
468805 7 D 19
468817 5 D 0
468822 11 D 21
468936 14 C 2
468942 -1 D 8
468943 -1 C 16
468949 11 D 18
468957 11 D 5
468958 11 D 2
468968 32 P -1
469130 0 C 16
469131 12 C 8
469164 11 D 2
469190 7 D 0
469191 7 D 0
469192 7 D 0
469196 7 D 2
469197 7 D 2
469198 7 D 2
469330 28 D 2
469353 1 D 16
469375 11 D 2
469386 18 D 15
469387 18 P -1
469388 18 P -1
469525 13 C 20
469568 23 D 0
469629 -1 D -1
469643 -1 D 16
469644 23 D 0
469645 20 D 23
469646 20 D 18
470011 7 C 16
470035 14 C 2
470050 14 C 16
470071 -1 C -1
470090 -1 C -1
470100 12 D 0
470192 -1 C -1
470196 -1 C -1
470205 -1 C -1
470206 -1 C -1
470207 -1 C -1
470210 -1 C -1
470214 -1 C -1
470215 -1 C -1
470216 -1 C -1
470217 -1 C -1
470218 -1 C -1
470221 -1 C -1
470222 -1 C -1
470225 -1 C -1
470226 -1 C -1
470227 -1 C -1
470228 -1 C -1
470230 -1 C -1
470231 -1 C -1
470234 -1 C -1
470236 -1 C -1
470237 -1 C -1
470238 -1 C -1
470239 -1 C -1
470240 -1 C -1
470241 -1 C -1
470242 -1 C -1
470244 -1 C -1
470246 -1 C -1
470248 -1 C -1
470249 -1 C -1
470250 -1 C -1
470254 -1 C -1
470255 -1 C -1
470256 -1 C -1
470257 -1 C -1
470258 -1 C -1
470259 -1 C -1
470261 -1 C -1
470262 -1 C -1
470263 -1 C -1
470264 -1 C -1
470265 -1 C -1
470266 -1 C -1
470269 -1 C -1
470272 -1 C -1
470273 -1 C -1
470274 -1 C -1
470275 -1 C -1
470276 -1 C -1
470277 -1 C -1
470278 -1 C -1
470279 -1 C -1
470280 -1 C -1
470281 -1 C -1
470282 -1 C -1
470283 -1 C -1
470284 -1 C -1
470285 -1 C -1
470286 -1 C -1
470287 -1 C -1
470288 -1 C -1
470289 -1 C -1
470291 -1 C -1
470292 -1 C -1
470293 -1 C -1
470294 -1 C -1
470295 -1 C -1
470296 -1 C -1
470297 -1 C -1
470299 -1 C -1
470328 7 D 21
470338 -1 C -1
470339 -1 C -1
470345 -1 C -1
470348 -1 C -1
470355 -1 C -1
470364 -1 C -1
470366 -1 C -1
470367 -1 C -1
470369 -1 C -1
470370 -1 C -1
470381 -1 C -1
470386 -1 C -1
470387 -1 C -1
470390 -1 C -1
470391 -1 C -1
470398 -1 C -1
470428 -1 C -1
470441 0 C 16
470456 11 D 2
470461 -1 C -1
470470 -1 C -1
470471 -1 C -1
470472 -1 C -1
470473 -1 C -1
470476 -1 C -1
470477 -1 C -1
470480 -1 C -1
470481 -1 C -1
470482 -1 C -1
470486 -1 C -1
470494 -1 C -1
470496 13 P 15
470509 13 P 15
470528 -1 C -1
470533 -1 C -1
470535 -1 C -1
470536 -1 C -1
470545 13 P 15
470557 20 C -1
470569 13 P 2
470573 11 C 16
470577 -1 C -1
470589 11 D 18
470594 -1 C -1
470605 13 P 15
470607 -1 C -1
470613 20 D 2
470614 20 D 2
470638 -1 C -1
470641 -1 C -1
470666 -1 C -1
470667 -1 C -1
470668 -1 C -1
470671 -1 C -1
470682 -1 C -1
470689 22 C -1
470855 -1 C -1
470857 -1 C -1
470871 -1 C -1
470900 18 P 0
470901 18 P 0
470902 18 P 0
470903 18 P 0
470904 18 P 0
470905 18 P 0
470906 18 P 0
470907 18 P 0
470908 -1 C -1
470909 -1 C -1
470923 15 D 16
470924 -1 D 16
470931 -1 C -1
470935 -1 C -1
470936 6 D 0
470937 6 D 0
470938 6 D 0
470939 6 D 0
470948 -1 C 2
470951 -1 C -1
470963 37 C 0
470964 37 C 8
470968 -1 C -1
470974 -1 C -1
470975 -1 C -1
470980 -1 C -1
470981 -1 C -1
470982 -1 C -1
470984 -1 C -1
470986 -1 C -1
470987 -1 C -1
470988 -1 C -1
470991 -1 C -1
470992 -1 C -1
470993 -1 C -1
470995 -1 C -1
470997 -1 C -1
470998 -1 C -1
470999 -1 C -1
471219 37 D 0
471220 -1 D 2
471227 -1 C 16
471228 -1 C 15
471242 33 D 2
471243 7 D 21
471244 37 D 8
471245 37 D 2
471246 37 D 16
471267 11 D 2
471268 11 D 2
471280 7 D 21
471287 39 D 0
471288 -1 D 0
471289 -1 D 2
471296 9 D 0
471413 5 P 2
471860 7 C 2
471861 7 C 16
471862 10 C -1
471863 7 C 0
471864 7 C 15
471865 13 C 22
472058 37 P 0
472069 -1 D 0
472109 21 P 15
472254 11 D 2
472255 18 D 0
472256 18 D 0
472257 18 D 0
472258 18 D 8
472262 6 D 0
472273 -1 D -1
472301 -1 P 28
472326 -1 P 28
472339 8 D 16
472357 15 D 0
472500 10 D 0
472614 12 C 2
472638 -1 C 2
472642 0 C 2
472643 13 P 15
472645 11 P 2
472655 7 P 0
472680 11 P -1
472739 20 C 20
472803 -1 C 2
472810 -1 C -1
473106 11 P 15
473107 11 P 15
473108 11 P -1
473115 11 P 15
473133 11 P 15
473134 11 P 15
473136 11 P 5
473148 11 P 5
473176 11 P 5
473177 11 P -1
473195 -1 C 2
473196 -1 C 20
473279 14 C 23
473731 13 P 2
473903 11 D 0
474179 -1 C 16
474224 -1 C 0
474298 3 D 16
474723 -1 C 2
474812 -1 D -1
474814 26 C 5
474816 0 P 0
474833 18 P 0
474846 11 C 2
474849 -1 D 0
474850 -1 D 8
474851 -1 D 5
474856 7 D 0
474864 13 P 0
474865 13 P 0
475825 11 C 15
476136 -1 C 0
476137 28 C 21
476338 29 D 0
476628 7 D -1
476630 13 D -1
476640 2 D -1
476641 13 P 2
476643 7 P 15
476646 13 C 2
476651 11 D 0
476654 11 P -1
476655 37 D 8
476657 13 P 15
476658 13 P 0
476659 37 D 2
476660 37 D 16
477035 6 C 15
477036 6 C 8
477037 6 D 2
477092 -1 D -1
477369 -1 C -1
477394 11 C -1
477658 11 D -1
477786 1 D 5
477791 13 D 2
477981 18 D 0
477982 18 D 0
477998 6 D 0
477999 6 D 0
478006 20 C 22
478007 0 C 2
478008 14 C 22
478024 10 C 20
478034 -1 D -1
478053 0 C 2
478074 -1 P 5
478075 -1 P 5
478086 -1 D 2
478096 30 D 0
478175 -1 D -1
478286 7 D 0
478287 7 D 0
478297 7 D 2
478451 13 C 23
478466 13 D 16
478468 1 D 0
478469 12 D 16
478672 11 C 16
478673 -1 D 18
478679 0 D 0
478702 7 D 16
478748 0 C 21
478844 11 C 16
478847 11 C 16
478857 11 C 16
478858 29 C 2
478864 -1 D 0
478881 6 D 0
478882 10 D 21
478883 12 D 16
478893 20 D 16
478894 12 D 16
478896 10 D 16
478910 23 C 8
478926 12 D 2
478944 1 D 16
478947 10 D 16
478949 14 C -1
478953 18 D 2
478963 10 D 16
478971 0 C 2
479136 -1 D 0
479932 11 D 2
479947 13 P 0
479959 0 C 20
479966 11 D 23
480251 0 C 21
480259 11 D 16
480287 -1 D 0
480320 12 C 2
480322 12 C 16
480325 13 P 0
480414 24 C 15
480461 10 P 2
480475 0 C 15
480508 -1 D -1
480595 -1 D -1
480695 12 C 8
480696 0 C 2
480697 12 C 2
480989 29 P 2
481362 13 C 18
481366 13 P 0
481408 10 C 2
481508 13 C 2
481963 14 C 2
482024 0 C 2
482026 11 C 16
482028 0 C 16
482037 12 D 2
482039 11 C 8
482040 11 C 21
482044 11 C 16
482895 14 D 0
483086 20 D 2
483117 20 P 15
483118 20 P 0
483121 1 P -1
483136 7 D 2
483167 26 P 2
483293 -1 P 2
483311 -1 P 15
483444 32 P 0
483445 32 P 0
483517 1 P 19
483540 -1 D 2
483541 30 P 0
483555 26 D 8
483580 -1 D 0
483581 -1 D 8
483595 10 C -1
483599 10 C -1
483742 34 D 2
483744 23 P -1
483748 22 P 0
483749 22 P 0
483779 34 D 8
483810 23 D 0
483811 23 D 0
483812 23 D 0
483821 7 D 2
483828 3 C 18
483829 18 D 0
483830 3 D 5
483832 37 D 5
483833 18 D 18
483834 11 D 16
483837 18 D 0
483851 11 D 23
483894 35 C 23
483895 6 D 0
483972 18 D 0
483974 35 C 22
483976 35 C 15
484069 20 D 16
484086 13 D -1
484382 25 C 16
484383 12 P -1
484398 -1 P -1
484441 -1 P 2
484476 18 P -1
484479 12 D 16
484486 25 D 8
484514 21 P 22
484515 -1 D 16
484517 18 D 0
484521 18 D 0
484544 12 P -1
484603 6 P 0
484605 12 D 2
484612 6 D 16
484615 6 D 16
484616 12 D 18
484700 4 D 16
484762 1 D 8
484763 1 D 2
484782 -1 P -1
484798 29 D 21
484824 12 D 16
484826 -1 D -1
484843 29 D 2
484844 29 D 2
485001 12 D 0
485068 18 C 2
485069 18 C 16
485099 -1 P -1
485110 -1 P -1
485132 37 D 16
485135 33 D 16
485140 -1 P -1
485154 -1 P -1
485171 18 C 16
485172 12 P -1
485173 -1 D 18
485367 26 D 18
485443 7 D 2
485444 7 D 2
485446 13 D 2
485455 0 C 2
485498 13 C 16
485499 13 C 20
485605 13 D 2
485732 -1 C 2
485903 -1 C 22
485905 7 C 22
485924 7 C 22
486126 39 D 0
486149 12 C -1
486191 11 P -1
486199 2 C 2
486269 -1 C 2
486272 6 C 0
486292 7 D 0
486293 7 C 21
486333 23 P -1
486336 31 D -1
486337 -1 P -1
486351 32 D 2
486368 -1 P -1
486369 -1 D 0
486376 -1 P -1
486377 21 P 0
486378 -1 P -1
486409 11 C 15
486410 11 C 15
486461 0 C 15
486536 11 C 22
486541 -1 C 22
486575 13 C 22
486586 7 C 22
486602 7 C 22
486630 -1 C -1
486897 10 D 2
487214 -1 P 2
487694 -1 D -1
488041 -1 D -1
488059 -1 D -1
488325 -1 D -1
488904 12 D 2
488932 6 D 2
488939 -1 D 8
488994 13 C 15
489021 12 D 0
489051 -1 D 8
489227 -1 D 21
489376 13 C 16
489377 13 C 2
489500 12 C 16
489511 18 P 0
489519 13 C 16
489604 20 D 0
489664 14 D 19
489668 20 C -1
489782 -1 C -1
490015 11 D 16
490016 11 D 2
490026 -1 C 21
490027 -1 C 21
490030 -1 C 21
490081 -1 C 21
490083 -1 C 21
490092 -1 C 21
490110 -1 P 15
490111 -1 P 15
490222 7 D 19
490223 7 D 19
490235 29 C -1
490246 13 D 0
490247 11 C 18
490254 7 D 19
490269 7 C -1
490280 12 D 8
490289 28 D 16
490819 13 D 0
490900 -1 C 0
490906 7 C 2
491087 13 C 2
491398 12 D 16
491399 18 D 2
491443 5 D 2
491444 23 D 0
491462 8 D 0
491467 12 C 8
491519 14 C 16
491666 11 D 21
491689 11 D 21
491713 11 D 2
491793 13 P 2
491794 31 D 16
491817 6 C 8
491824 -1 D 5
491866 22 C 16
491867 13 D 2
491907 29 C 2
491943 26 D 0
491969 26 D 18
492105 13 C 2
492124 11 C 16
492140 7 C 21
492294 13 C 23
492459 40 C -1
492700 -1 D -1
492799 -1 D -1
493200 -1 D -1
493211 -1 D -1
493270 -1 D -1
493291 -1 D -1
493300 -1 D -1
493399 -1 D -1
493407 -1 D -1
493714 -1 C 22
493826 23 C 15
493900 -1 D -1
493999 -1 D -1
494060 11 C 16
494076 29 C 0
494077 29 C 20
494356 5 D 0
494357 -1 P 5
495219 -1 D -1
498198 -1 D -1
498420 13 D 2
498701 23 P -1
498719 -1 D 2
498726 14 C 21
498729 25 D 29
498757 -1 C 2
498759 29 D 2
498792 13 D 2
498808 -1 D 18
499102 -1 P 2
499200 14 C 15
499370 -1 D -1
500055 -1 D 4
500148 -1 D -1
500559 -1 D 4
501254 -1 D -1
502144 -1 D 4
502165 23 D 11
502254 -1 D 4
502801 -1 D 0
502951 11 D 0
504019 12 D 0
504431 42 D 0
504433 -1 D 11
504435 -1 D 11
504439 34 D 4
504456 -1 D 4
504460 -1 D 4
504465 -1 D -1
504468 -1 D 4
504492 13 D -1
504546 -1 D 4
504642 -1 D 4
504755 -1 D 4
504973 43 C 4
505007 -1 D -1
505419 18 D 0
505793 -1 D 4
505812 -1 D 4
505832 -1 D 4
507340 -1 D 4
507629 -1 D -1
507993 -1 D 4
508159 -1 D 11
508500 12 D 0
508501 -1 D 0
508502 8 D 30
508503 12 D 0
508504 -1 D 2
508505 3 D 0
508506 13 D 0
508507 5 P 1
508508 6 D 0
508509 3 D 30
508510 23 D 0
508511 -1 D 0
508512 -1 D 0
508513 -1 C 0
508514 -1 D 0
508515 3 D 0
508516 3 D 0
508517 -1 D 0
508518 8 D 2
508519 18 D 0
508520 -1 P 1
508521 3 D 0
508522 11 D 0
508523 15 P 2
508524 17 D 2
508525 18 D 0
508526 3 D 0
508527 -1 P 1
508528 8 D 0
508529 6 D 0
508530 7 D 0
508531 6 D 0
508532 6 D 0
508533 -1 D 2
508534 11 D 0
508535 -1 D 0
508536 34 D 0
508537 6 D 2
508538 0 D 0
508539 10 P 1
508540 34 D 0
508541 37 D 0
508542 -1 D 0
508543 -1 D 0
508544 11 D 0
508545 22 D 2
508546 8 D 0
508547 23 D 0
508548 0 D 0
508549 7 D 0
508550 -1 C 0
508551 -1 D 0
508552 42 D 0
508553 5 P 1
508554 11 D 0
508555 5 P 2
508556 10 D 0
508557 -1 D 0
508558 5 P -1
508559 7 D 0
508560 18 D 0
508561 7 D 0
508562 13 D 2
508563 11 D 0
508564 11 D 0
508565 37 D 30
508566 11 D 0
508567 11 D 0
508568 8 D 0
508569 -1 D 0
508570 -1 D 0
508571 -1 D 0
508572 13 D 0
508573 13 D 0
508574 -1 D 0
508575 -1 D 0
508576 -1 D 0
508577 7 D 0
508578 -1 D 0
508579 11 D 0
508580 -1 D 0
508581 0 D 30
508582 44 D 2
508583 7 D 0
508584 13 D 0
508585 -1 P -1
508586 -1 D 0
508587 11 D 0
508588 18 D 0
508589 13 D 0
508590 -1 D 0
508591 0 P 1
508592 11 D 0
508593 7 P 1
508594 1 P 2
508595 -1 D 0
508596 11 D 0
508597 -1 D 0
508598 10 D 0
508599 -1 D 0
508600 11 D 0
508601 20 P 1
508602 7 D 0
508603 -1 D 0
508604 -1 D 0
508605 -1 D 0
508606 -1 C 0
508607 13 D 0
508608 13 D 0
508609 0 D 30
508610 13 D 0
508611 11 D 0
508612 -1 D 0
508613 10 P 2
508614 13 D 0
508615 -1 D 0
508616 12 P -1
508617 12 P -1
508618 -1 C 0
508619 13 D 0
508620 -1 P 2
508621 11 D 0
508622 13 P -1
508623 -1 D 30
508624 -1 D 0
508625 13 D 0
508626 -1 D 0
508627 13 D 0
508628 2 D 30
508629 18 P -1
508630 -1 D 0
508631 18 D 0
508632 18 D 0
508633 10 D 0
508634 -1 D 0
508635 13 D 0
508636 13 D 0
508637 14 P 2
508638 23 P -1
508639 11 D 0
508640 39 P -1
508641 -1 D 30
508642 13 D 0
508643 10 D 0
508644 10 D 0
508645 -1 P 1
508646 -1 D 0
508647 -1 D 0
508648 -1 D 0
508649 -1 D 0
508650 -1 D 0
508651 7 D 0
508652 7 D 0
508653 7 D 0
508654 -1 D 0
508655 -1 D 0
508656 -1 D 0
508657 -1 D 0
508658 -1 D 0
508659 -1 D 0
508660 -1 D 0
508661 32 P 1
508662 -1 D 0
508663 10 D 0
508664 -1 D 0
508665 -1 D 0
508666 -1 D 0
508667 18 D 0
508668 -1 D 0
508669 18 D 0
508670 -1 D 0
508671 -1 D 0
508672 -1 D 0
508673 18 D 0
508674 18 D 0
508675 18 D 0
508676 -1 D 0
508677 -1 D 0
508678 -1 D 0
508679 -1 D 0
508680 -1 D 0
508681 -1 D 0
508682 37 D 0
508683 11 D 0
508684 7 D 0
508685 -1 D 0
508686 7 D 0
508687 7 D 0
508688 -1 D 0
508689 18 D 0
508690 -1 D 0
508691 13 D 0
508692 -1 D 0
508693 3 D 0
508694 3 D 0
508695 3 D 0
508696 3 D 0
508697 3 D 0
508698 3 D 0
508699 7 D 0
508700 7 D 0
508701 -1 D 0
508702 -1 D 0
508703 8 P -1
508704 42 P -1
508705 -1 P 2
508706 12 P -1
508707 23 P -1
508708 6 P -1
508709 37 D 2
508710 6 P -1
508711 7 D 0
508712 3 D 0
508713 10 D 0
508714 -1 C 0
508715 0 D 0
508716 18 D 0
508717 18 D 0
508718 18 D 0
508719 18 D 0
508720 -1 D 0
508721 34 P -1
508722 7 D 0
508723 3 D 0
508724 3 D 0
508725 3 D 0
508726 8 D 2
508727 40 D 0
508728 11 D 0
508729 13 D 0
508730 11 D 0
508731 18 D 0
508732 -1 D 0
508733 13 D 0
508734 -1 D 0
508735 -1 D 0
508736 12 D 2
508737 -1 D 0
508738 -1 D 0
508739 13 D 0
508740 11 D 0
508741 11 D 0
508742 11 D 0
508743 13 D 0
508744 3 D 0
508745 3 D 0
508746 3 D 0
508747 3 D 0
508748 3 D 0
508749 3 D 0
508750 3 D 0
508751 7 D 0
508752 7 D 0
508753 38 D 0
508754 -1 D 0
508755 -1 D 0
508756 -1 D 0
508757 -1 D 0
508758 -1 D 0
508759 -1 D 0
508760 -1 D 0
508761 -1 D 0
508762 11 D 0
508763 3 D 0
508764 18 D 0
508765 18 D 0
508766 3 D 0
508767 3 D 0
508768 3 D 0
508769 7 D 0
508770 13 D 0
508771 -1 D 0
508772 -1 D 0
508773 -1 D 0
508774 -1 D 0
508775 -1 D 0
508776 -1 D 0
508777 -1 D 0
508778 -1 D 0
508779 13 D 0
508780 23 D 2
508781 23 D 2
508782 -1 D 0
508783 7 D 0
508784 18 D 0
508785 13 D 0
508786 3 D 0
508787 11 D 0
508788 3 D 0
508789 3 D 0
508790 3 D 0
508791 3 D 0
508792 18 D 0
508793 18 D 0
508794 11 D 0
508795 10 D 0
508796 7 D 0
508797 13 D 0
508798 10 D 0
508799 -1 C 0
508800 18 D 0
508801 18 D 0
508802 1 D 0
508803 13 D 0
508804 10 D 0
508805 13 D 0
508806 0 D 2
508807 -1 D 2
508808 12 D 0
508809 0 D 2
508810 0 D 2
508811 -1 P 2
508812 11 D 0
508813 18 D 0
508814 13 D 0
508815 18 D 0
508816 7 D 0
508817 37 P -1
508818 13 D 0
508819 -1 D 0
508820 18 D 0
508821 11 D 0
508822 -1 D 30
508823 -1 D 0
508824 10 D 0
508825 11 D 0
508826 -1 P 2
508827 10 P -1
508828 23 D 0
508829 23 D 0
508830 12 D 0
508831 8 D 0
508832 6 D 0
508833 0 D 2
508834 23 D 0
508835 40 D 0
508836 23 D 0
508837 -1 D 0
508838 5 P 1
508839 23 P -1
508840 4 D 0
508841 6 D 0
508842 6 D 0
508843 18 D 0
508844 -1 D 0
508845 13 D 2
508846 8 P 1
508847 23 D 0
508848 0 D 0
508849 0 D 0
508850 0 D 0
508851 18 D 0
508852 3 D 0
508853 39 D 0
508854 -1 C 0
508855 -1 D 2
508856 0 D 0
508857 0 D 0
508858 34 D 30
508859 -1 D 0
508860 0 D 0
508861 10 D 2
508862 -1 C 0
508863 39 D 30
508864 -1 P -1
508865 18 D 0
508866 0 D 0
508867 18 D 0
508868 18 D 0
508869 11 D 0
508870 -1 D 0
508871 -1 D 0
508872 0 D 0
508873 -1 D 0
508874 13 D 0
508875 0 D 0
508876 13 D 0
508877 34 D 30
508878 7 D 0
508879 -1 P -1
508880 31 D 0
508881 -1 C 0
508882 6 D 0
508883 -1 P 1
508884 10 P 2
508885 3 D 0
508886 -1 C 0
508887 5 P 1
508888 5 P -1
508889 37 D 0
508890 11 D 0
508891 10 D 0
508892 10 D 2
508893 10 D 0
508894 5 P 1
508895 8 P -1
508896 -1 D 0
508897 13 D 0
508898 0 D 0
508899 0 D 0
508900 7 P 2
508901 10 D 0
508902 11 D 0
508903 13 D 0
508904 18 D 0
508905 7 D 0
508906 7 D 0
508907 11 D 0
508908 18 D 0
508909 19 P -1
508910 19 D 0
508911 18 D 0
508912 18 D 0
508913 45 D 2
508914 12 D 0
508915 34 D 2
508916 18 D 0
508917 -1 D 0
508918 7 D 0
508919 13 D 0
508920 0 D 30
508921 18 D 0
508922 18 D 0
508923 11 D 0
508924 0 D 0
508925 6 D 0
508926 6 D 2
508927 13 D 0
508928 6 D 0
508929 6 D 0
508930 6 D 0
508931 8 D 0
508932 8 D 0
508933 13 D 2
508934 8 D 0
508935 8 D 0
508936 18 D 0
508937 18 D 0
508938 13 D 0
508939 13 D 0
508940 -1 D 0
508941 11 D 0
508942 11 D 0
508943 18 D 0
508944 12 D 0
508945 8 D 0
508946 23 D 0
508947 11 D 0
508948 18 D 0
508949 7 D 0
508950 13 D 0
508951 -1 D 2
508952 0 D 0
508953 0 D 0
508954 25 D 0
508955 0 D 0
508956 0 D 0
508957 0 D 0
508958 18 D 0
508959 11 D 0
508960 -1 D 0
508961 18 D 0
508962 18 D 0
508963 2 D 30
508964 18 D 0
508965 31 P 1
508966 13 D 0
508967 18 D 0
508968 38 D 0
508969 13 D 0
508970 -1 D 0
508971 31 P 1
508972 13 D 0
508973 13 D 0
508974 12 D 2
508975 18 D 0
508976 18 D 0
508977 7 P -1
508978 0 D 0
508979 8 D 2
508980 23 P -1
508981 18 D 0
508982 10 D 30
508983 11 D 0
508984 7 D 0
508985 10 D 0
508986 -1 P 2
508987 18 D 0
508988 5 P -1
508989 8 D 0
508990 7 D 0
508991 27 D 0
508992 46 D 0
508993 31 D 0
508994 18 D 0
508995 -1 D 0
508996 18 D 0
508997 7 P 1
508998 15 D 0
508999 15 D 2
510012 5 D 4
510096 5 C 4
510128 0 C 6
510135 0 C 6
510223 0 C 7
510269 34 D 4
510372 0 D 4
510421 23 D 19
510425 -1 C -1
510437 -1 C -1
510448 2 D 31
510517 7 D 4
510538 43 C 31
510557 18 D 4
510820 12 D 4
511235 14 P 32
511382 11 D 2
511385 11 D 2
511414 11 D 2
511416 11 D 2
511511 13 P 5
511585 21 D 2
511627 26 P 5
511665 13 P 33
511666 13 P 33
511870 7 D 4
511872 7 P -1
511878 0 D 4
512042 -1 C 7
512088 7 P 5
512121 29 C -1
512126 7 P 5
512158 6 C -1
512182 28 C -1
512212 7 P 5
512260 7 C 4
512293 5 D 7
512319 20 C 4
512358 43 C 4
512384 -1 C 2
512525 7 D 7
512583 20 C 4
512622 0 C 6
512652 8 D 4
512916 -1 C 34
512919 -1 C 10
512932 7 D 7
512939 13 D 5
512944 7 D 4
512953 42 D 4
512963 13 P 32
512967 13 D 2
512968 13 D 2
512971 6 D 2
513134 7 C 2
513344 12 C 4
513346 7 C 4
513404 14 D 4
513483 0 C 4
513490 13 D 5
513572 -1 C -1
513829 22 D 4
514560 13 D 7
514831 10 D 5
514833 7 D 5
514834 13 D 5
514837 12 D 5
514840 3 C 5
515228 43 D 4
515349 26 C 7
515403 5 D 4
515566 7 D 2
515630 1 D 7
515661 6 C 4
515681 13 C 10
515686 6 C 8
515748 1 P 1
515875 43 D 4
516068 14 C 4
516105 11 D 2
516107 11 D 35
516126 10 P 5
516156 10 P 5
516299 6 C 4
516314 30 D 7
516414 -1 D 2
516472 2 C 2
516535 5 P 1
516626 29 D 2
516640 11 D 6
516989 3 P -1
517089 13 C 14
517129 -1 C 5
517193 20 P -1
517203 14 C 14
517215 5 C 14
517252 0 C 6
517271 34 D 7
517286 34 D 2
517351 6 P 5
517394 3 D 6
517435 11 D 2
517438 34 D 2
517456 5 C 2
517457 3 D 6
517550 10 D 2
517553 8 D 2
517574 0 D 2
517632 13 C 14
517635 13 C 4
517637 11 C 4
517652 13 C 8
517653 11 C 8
517700 7 C 4
517719 11 C 4
517725 13 D 2
517782 -1 C 7
517798 -1 C 4
517804 18 C 4
517819 -1 C -1
517848 13 D 2
517877 25 D 8
517899 18 D 8
518050 22 D 35
518145 7 D 7
518159 13 C 7
518192 43 C 4
518686 11 C 5
518851 10 C 7
518936 -1 C 6
519144 0 C 36
519253 0 D 5
519254 0 D 5
519255 0 D 5
519256 0 D 5
519518 8 P -1
519522 11 P -1
519535 3 P -1
519536 6 P -1
519608 2 D 4
519617 8 D 4
519619 0 D 4
519620 0 D 4
519622 3 D 4
519694 14 P 1
519760 -1 C 14
519825 -1 D 4
519831 34 D 8
519860 7 D 7
519883 34 D 2
519894 4 D 2
519903 8 D 4
519913 0 D 7
519980 10 C 4
520038 0 C 4
520039 0 C 4
520041 0 C 4
520042 0 C 4
520044 0 C 4
520210 12 C 4
520214 25 C 4
520224 14 P 14
520386 7 C 7
520666 26 P -1
520700 29 C 2
520735 1 D 4
520897 6 C 2
520975 26 P -1
521073 31 D 4
521074 8 D 4
521075 12 D 4
521086 23 D 8
521106 0 D 4
521107 0 D 4
521108 0 D 4
521109 0 D 2
521110 0 D 4
521111 0 D 4
521112 0 D 4
521113 0 D 4
521114 0 D 4
521115 0 D 2
521154 0 D 7
521163 18 D 4
521203 0 C 2
521320 3 D 4
521452 0 C 7
521508 0 C 7
521511 13 P 5
521521 7 P 5
521522 11 D 4
521561 -1 C 34
521703 26 C 7
521782 0 D 5
521891 47 D 5
521947 34 P -1
521953 10 P -1
521959 11 D 37
521978 20 D 6
521989 25 D 2
522012 5 C 7
522023 13 D 4
522024 13 C 4
522039 7 D 7
522086 11 P 5
522306 10 D 5
522309 6 P 32
522318 11 D 5
522346 7 D 5
522352 7 D 5
522358 10 D 5
522388 8 D 5
522669 0 D 5
522852 13 C 2
522967 0 C 38
523052 0 C 2
523116 0 P 5
523157 1 P 5
523165 -1 P 5
523166 -1 P 5
523248 13 C 7
523429 7 C 14
523435 30 C 7
523449 23 D 6
523650 5 C 7
523673 11 D 7
523674 13 D 5
523675 31 D 7
523845 13 C 2
523950 5 C 6
523951 11 C 6
523988 29 C 7
523996 13 C 7
524098 43 C 8
524102 2 D 7
524111 13 C 6
524133 7 C 7
524162 2 C 6
524167 10 C 7
524178 7 C 6
524181 13 C 6
524182 0 C 6
524192 -1 D 5
524193 11 C 2
524216 13 C 6
524240 7 C 6
524247 0 C 6
524253 20 C 6
524254 13 D 39
524272 0 D 4
524274 4 D 4
524290 11 D 7
524317 0 C 2
524368 13 C 2
524373 5 C 7
524376 11 C 2
524446 6 C 4
524451 11 D 7
524458 7 D 39
524469 10 P 5
524480 14 C 2
524482 11 D 2
524487 13 C 14
524498 -1 C 6
524499 -1 C 6
524508 7 C 6
524512 7 C 6
524598 10 P 5
524610 23 P 5
524652 5 C 4
524715 6 C 8
524847 5 P 5
524877 13 C 4
524927 0 C 7
524931 13 C 2
525116 -1 P -1
525154 0 C 7
525175 0 C 2
525245 6 D 7
525301 11 C 7
525313 14 D 4
525352 -1 C 35
525380 22 D 4
525392 13 P 14
525395 46 D 7
525408 -1 D -1
525494 13 P 14
525504 0 C 7
525547 0 D 7
525560 -1 P 40
525567 26 C 7
525611 5 C 7
525622 14 D 6
525768 0 C 2
525779 0 C 2
525866 2 D 4
525869 -1 D -1
525996 11 C 4
526019 -1 D 2
526099 13 D 7
526103 20 D 7
526106 7 D 6
526266 13 P -1
526267 13 P 5
526268 13 P 5
526271 13 P 5
526336 10 C 14
526419 13 D 4
526421 -1 P -1
526468 0 C 4
526495 3 D 4
526521 21 P 1
526550 10 C 4
526565 31 D 5
526701 7 D 4
526702 10 D 4
526715 13 P 33
526718 7 P 5
526730 7 P 5
526731 7 P 5
526732 7 P 5
526733 7 P 5
526734 7 P 5
526834 10 P -1
526861 14 C 8
526873 13 C 7
526905 6 D 2
526908 7 D 7
526978 1 D 4
527019 34 P 5
527086 7 D 7
527114 7 D 7
527119 7 D 6
527147 7 P -1
527159 6 D 4
527253 23 D 4
527274 7 D 5
527371 18 P 32
527386 2 P 5
527393 -1 C 41
527398 37 P 32
527479 7 D 6
527536 11 D 7
527625 7 C 36
527636 6 D 41
527672 20 C 2
527692 13 P 5
527753 -1 C 7
527759 3 C 2
527766 7 C 2
527796 -1 D 7
527898 14 D 7
528028 5 C 6
528037 13 C 7
528095 0 D 4
528140 18 D 7
528161 -1 P -1
528239 5 P -1
528296 -1 C -1
528571 7 C 36
528604 13 D 2
528614 26 C 14
528651 31 D 6
528654 7 D 2
528659 37 D 4
528677 6 D 4
528678 6 D 4
528694 10 C 7
528716 -1 D 41
528734 0 C 2
528756 29 D 8
528849 10 P 5
528882 13 P 33
528887 13 P 32
528945 13 C 6
528989 5 D 4
529007 -1 P 32
529080 33 P 32
529092 25 D 4
529105 7 D 4
529117 7 C 7
529131 6 C 2
529145 47 D 4
529185 13 P -1
529186 13 P 40
529194 13 P 32
529243 14 C 41
529251 7 D 4
529252 7 D 4
529303 23 C 4
529370 14 C 41
529372 11 D 2
529374 11 D 2
529375 11 D 2
529376 11 D 2
529435 18 D 4
529495 7 C 41
529557 18 P -1
529608 7 D 39
529615 7 D 39
529616 7 D 39
529617 10 D 7
529618 7 D 2
529629 7 C 7
529745 -1 C 4
529772 37 D 8
529811 20 D 5
529812 0 C 4
529815 20 D 5
529819 6 D 5
529870 6 C 8
529971 11 P 5
529972 11 P 5
529973 11 P 5
530117 10 P -1
530364 2 D -1
530544 43 P -1
530557 10 P 5
530559 10 P 5
530562 7 C 2
530586 35 D 2
530587 13 P 5
530824 -1 D 4
530825 7 D 6
530917 0 C 7
531008 -1 P 32
531031 5 P 5
531062 22 D 2
531091 0 D 5
531209 13 D 2
531217 0 C 35
531230 0 C 6
531366 -1 P 5
531427 -1 P 5
531453 43 C 2
531662 7 C 7
531698 13 C 7
531804 11 D 4
531827 11 D 2
531829 1 P 5
531831 13 D 4
531836 13 D 2
531849 10 C 2
531858 0 C 7
531861 7 C 7
531865 17 C 7
531909 13 C 7
532000 -1 C 6
532047 7 P -1
532118 13 C 10
532127 11 D 7
532135 13 C 2
532232 13 P 1
532467 20 P 5
532490 8 D 4
532571 5 P -1
532662 7 D 2
532663 7 D 2
532666 11 D 39
532673 29 D 39
532676 13 D 39
532702 7 D 39
532708 38 D 4
532711 1 D 39
532718 11 D 39
532724 31 D 39
532728 29 D 5
532729 11 D 39
532731 7 D 39
532734 7 D 39
532811 7 P -1
532960 -1 C 14
532961 13 C 14
532973 13 C 14
533102 7 D 7
533112 11 D 7
533114 10 D 6
533121 10 D 7
533134 20 D 7
533135 20 D 7
533136 13 D 7
533310 2 P -1
533422 35 D 35
533467 7 C 7
533601 2 P -1
533618 38 D 35
533661 -1 P 5
533677 11 D 7
533714 10 P 5
533718 10 D 35
533744 13 C 6
533779 22 C 6
533905 21 D 2
533930 8 P -1
533931 8 P -1
533932 8 P -1
533983 10 P -1
534044 11 D 5
534131 0 D 5
534140 -1 D 7
534145 -1 C -1
534289 5 D 4
534322 7 C 7
534327 0 D 5
534330 0 D 5
534332 0 D 5
534334 0 D 5
534337 0 D 5
534340 0 D 5
534395 -1 D -1
534424 11 D 5
534430 31 D 4
534444 -1 C 2
534450 11 D 6
534460 5 C 14
534622 6 C 8
534680 7 D 6
534697 5 C 4
534767 8 P 32
534777 6 C 41
534971 22 D 7
535102 6 C 8
535322 14 C 4
535930 0 D 4
535931 29 P -1
535934 1 P -1
535938 34 D 4
535960 11 D 4
535985 10 D 7
535995 11 D 7
536012 11 D 2
536016 10 D 2
536017 34 D 2
536018 23 D 2
536019 12 D 2
536038 34 D 2
536089 0 C 2
536132 7 D 2
536194 47 D 4
536298 0 C 7
536303 10 C 7
536311 13 C 7
536463 -1 D -1
536577 7 C 7
536589 6 D 4
536593 8 P -1
536610 7 D 2
536621 7 D 5
536786 -1 C 14
536799 5 D 6
536806 11 C 2
536881 1 C 2
536907 5 C 7
537028 7 C 6
537031 13 D 2
537132 13 D 2
537206 13 C 2
537405 11 C 36
537652 14 C 7
537654 11 D 7
537687 11 D 7
537769 1 P 32
537903 7 P 5
537904 7 P 5
537905 7 P 5
537906 7 P 5
537907 7 P 5
537908 7 P 5
537909 7 P 5
537910 7 P 5
537911 7 P 5
537912 7 P 5
537913 7 P 5
537914 7 P 5
537915 7 P 5
538103 10 D 6
538370 -1 D -1
538426 0 P -1
538629 1 P 5
538761 3 P -1
538763 3 P -1
538766 3 P -1
538830 -1 C 8
538865 0 C 7
538870 -1 C 7
539093 6 D 2
539109 18 C 2
539149 7 D 2
539158 7 D 2
539169 23 C 6
539189 11 D 2
539190 11 D 2
539191 11 D 2
539192 7 D 5
539194 22 D 5
539494 7 C 7
539607 13 P 32
539705 13 C 10
539710 11 C 36
539874 -1 C 14
539902 -1 D 2
539936 14 D 4
539998 11 D 4
540082 -1 C -1
540128 2 C 42
540165 -1 C 4
540175 24 C -1
540239 6 C 41
540259 -1 C 8
540276 14 C 14
540282 11 C 4
540351 6 C 41
540460 29 C 4
540461 5 D 4
540529 11 C 10
540531 -1 C 10
540536 13 C 10
540544 11 C 10
540547 7 C 10
540555 0 C 10
540560 7 C 10
540564 1 C 7
540590 0 C 10
540706 7 C 7
540711 29 C 8
540727 11 D 7
540737 -1 D 2
540763 8 P -1
540856 6 D 41
540899 7 C 7
541001 -1 D 6
541172 13 D 4
541174 3 C 4
541175 3 C 8
541263 0 D 7
541338 -1 C -1
541377 -1 C 2
541445 2 C 42
541497 7 C 8
541538 5 C 6
541608 13 C 2
541778 -1 P 5
541799 15 D 7
541820 38 D 7
541905 -1 D -1
541919 13 D 2
542034 3 C 42
542086 -1 C 42
542176 -1 C -1
542207 -1 C 42
542225 0 D 8
542301 7 P 32
542313 0 D 5
542368 0 C 35
542464 11 D 5
542489 25 D 7
542505 5 C 2
542531 -1 C -1
542541 11 D 5
542556 -1 C 6
542572 11 D 5
542609 5 C 4
542610 -1 C -1
542705 11 D 5
542782 7 C 34
542873 5 D 5
543016 25 D 5
543124 11 C 7
543186 29 C 4
543252 0 D 8
543606 0 D 8
543705 20 C 4
543751 14 D 2
543765 0 C 4
543940 7 D 4
544002 11 D 7
544170 7 C 6
544327 12 D 7
544365 7 D 2
544381 7 P 5
544387 7 P 5
544405 0 D 8
544438 29 C 7
544455 10 P 1
544574 0 D 8
544575 0 D 8
544585 0 D 8
544642 33 D 5
544655 10 C 2
544670 0 D 4
544751 0 D 4
544849 10 P 5
544921 0 D 4
544923 34 D 7
544970 10 P 5
545005 -1 C 42
545025 11 D 7
545034 -1 C 10
545080 0 C 4
545207 11 C 7
545226 13 C 7
545332 0 D 4
545354 0 D 8
545422 6 C 4
545452 17 C 7
545506 10 P 5
545596 -1 P 5
545645 10 D 41
545671 10 C 7
545842 -1 P 5
545927 8 D 4
545964 13 C 2
546030 5 D 4
546045 -1 P 32
546094 13 C 2
546358 10 C 14
546522 18 D 8
546612 5 D 6
546800 43 D 7
547101 18 P -1
547115 47 P -1
547122 10 C 7
547277 0 C 5
547309 11 C 41
547344 23 C 4
547359 0 C 4
547467 11 C 5
547734 -1 P 1
547827 5 C 5
547981 20 C 5
548002 7 C 7
548026 1 P -1
548174 -1 C 2
548188 23 D 2
548245 -1 C 5
548324 -1 P 1
548568 14 P -1
548592 14 P -1
548594 43 D 4
548597 29 D -1
549124 29 C 7
549132 29 C 34
549172 0 D 2
549176 20 D 2
549177 7 D 2
549205 10 C 41
549253 -1 P -1
549263 0 P -1
549489 -1 C 6
549533 11 D 7
549635 20 D 4
549637 20 D 4
549642 20 D 4
549652 20 D 4
549663 20 D 4
549726 5 P 5
549749 18 D 4
549751 7 D 4
549752 8 D 4
549753 8 D 4
549759 6 D 7
549777 7 D 4
549778 7 D 4
549779 7 D 4
549789 -1 D -1
549793 7 D 4
549852 7 C 7
549871 -1 P -1
549921 10 C 41
549924 43 P 32
549947 26 C 7
550060 1 D -1
550065 26 D 7
550067 11 C 7
550078 -1 C 42
550079 -1 C 42
550099 7 D -1
550133 7 P -1
550194 7 D -1
550275 10 C 4
550331 7 P 5
550332 7 P 5
550333 7 P 5
550334 7 P 5
550335 7 P 5
550336 7 P 5
550337 7 P 5
550338 7 P 5
550339 7 P 5
550340 7 P 5
550341 7 P 5
550342 7 P 5
550343 7 C 35
550372 13 C -1
550610 7 C -1
550785 10 P 1
550837 36 D 4
551000 -1 P 40
551599 6 D 8
551681 11 D 7
551827 23 D 2
552088 13 C 2
552093 -1 C 2
552137 7 C 7
552230 23 D 7
552260 13 C 7
552274 13 C 7
552279 23 C 7
552344 13 C 7
552365 13 C 7
552385 13 C 7
552389 13 C 41
552394 13 C 7
552418 11 C 7
552468 2 C 7
552775 -1 P -1
552790 -1 C 14
552900 -1 C 10
553003 0 D 43
553005 0 D 43
553006 13 P 14
553047 13 C 7
553158 11 C 14
553160 0 C 35
553162 13 C 38
553167 0 C 36
553202 33 P 32
553203 10 D 43
553204 10 C 38
553387 34 D 4
553392 13 C 2
553414 11 C 34
553418 0 C 38
553563 10 D 43
553573 10 C 22
553583 13 C 5
553682 7 D 7
553683 7 D 7
553684 7 D 7
553735 7 P 1
554006 11 C 7
554071 -1 C 14
554197 -1 C -1
554283 26 C 7
554350 3 C 4
554351 3 C 8
554359 43 D 4
554374 29 C 4
554375 29 C 6
554378 29 C 4
554452 11 D 7
554534 26 D 7
554588 -1 P 5
554594 -1 P -1
554619 -1 C 4
554623 29 C 6
554637 7 C 7
554703 5 P 1
554721 5 P -1
554737 -1 C -1
554820 25 D 4
554837 -1 C 4
554851 -1 C 8
554879 3 C -1
554971 33 D 6
555020 -1 C 10
555086 7 C 10
555153 13 C 10
555160 -1 C 10
555219 7 C 10
555280 13 C 10
555283 7 C 10
555300 -1 C 10
555318 14 C 10
555327 14 C 22
555331 5 C 10
555378 7 C 10
555379 7 C 10
555381 7 C 10
555382 10 C 10
555420 18 D 7
555447 0 C 7
555449 -1 P 5
555551 13 C 10
555589 13 C 10
555598 1 C 2
555718 13 D 7
555721 18 D 41
555820 -1 P 5
555915 1 D 7
555936 18 D 4
555942 1 D 4
555971 -1 P 5
555982 -1 C 10
555993 -1 P 5
556004 -1 C -1
556005 -1 C -1
556015 -1 C -1
556027 -1 C -1
556029 -1 C -1
556042 13 C 5
556044 -1 C -1
556060 -1 C -1
556061 -1 C -1
556062 -1 C -1
556064 -1 C -1
556065 -1 C -1
556082 -1 C -1
556087 -1 C -1
556090 -1 C -1
556102 -1 C -1
556137 -1 C -1
556139 -1 C -1
556143 -1 C -1
556145 -1 C -1
556146 -1 C -1
556153 -1 C -1
556154 -1 C -1
556162 -1 C -1
556165 -1 C -1
556166 -1 C -1
556169 -1 C -1
556170 -1 C -1
556171 -1 C -1
556172 -1 C -1
556173 -1 C -1
556174 -1 C -1
556175 -1 C -1
556180 -1 C -1
556181 -1 C -1
556183 -1 C -1
556184 -1 C -1
556186 -1 C -1
556188 -1 C -1
556189 -1 C -1
556190 -1 C -1
556192 -1 C -1
556193 -1 C -1
556196 -1 C -1
556200 -1 C -1
556202 -1 C -1
556203 -1 C -1
556204 -1 C -1
556205 -1 C -1
556206 -1 C -1
556207 -1 C -1
556208 -1 C -1
556209 -1 C -1
556213 -1 C -1
556226 -1 C -1
556228 -1 C -1
556229 -1 C -1
556231 -1 C -1
556234 -1 C -1
556236 -1 C -1
556239 -1 C -1
556240 -1 C -1
556241 -1 C -1
556243 -1 C -1
556246 -1 C -1
556247 -1 C -1
556248 -1 C -1
556251 -1 C -1
556252 -1 C -1
556253 -1 C -1
556257 -1 C -1
556258 -1 C -1
556259 -1 C -1
556260 -1 C -1
556263 -1 C -1
556265 -1 C -1
556267 -1 C -1
556268 -1 C -1
556269 -1 C -1
556270 -1 C -1
556273 -1 C -1
556275 -1 C -1
556277 -1 C -1
556280 -1 C -1
556281 -1 C -1
556282 -1 C -1
556285 -1 C -1
556286 -1 C -1
556287 -1 C -1
556289 -1 C -1
556290 -1 C -1
556293 -1 C -1
556294 -1 C -1
556401 -1 C -1
556402 -1 C -1
556403 -1 C -1
556405 -1 C -1
556409 -1 C -1
556410 -1 C -1
556411 -1 C -1
556412 -1 C -1
556414 -1 C -1
556415 -1 C -1
556417 -1 C -1
556419 -1 C -1
556420 -1 C -1
556429 -1 C -1
556437 -1 C -1
556438 -1 C -1
556441 -1 C -1
556442 -1 C -1
556450 -1 C -1
556452 -1 C -1
556454 -1 C -1
556457 -1 C -1
556459 -1 C -1
556463 -1 C -1
556475 -1 C -1
556481 -1 C -1
556482 -1 C -1
556484 -1 C -1
556485 -1 C -1
556486 -1 C -1
556490 -1 C -1
556493 -1 C -1
556494 -1 C -1
556496 -1 C -1
556505 -1 C -1
556536 -1 C -1
556541 13 C 7
556546 -1 C 44
556555 13 C 14
556567 13 C 2
556580 13 P 14
556598 -1 C 7
556602 -1 C -1
556618 -1 C -1
556620 13 C 14
556640 -1 C -1
556674 -1 C -1
556683 -1 C -1
556690 -1 C -1
556693 -1 C -1
556696 -1 C -1
556697 -1 C -1
556699 -1 C -1
556729 -1 C -1
556739 -1 C -1
556747 -1 C -1
556769 -1 C -1
556770 -1 C -1
556819 23 C 7
556837 -1 P 5
556839 -1 P 32
556858 26 C 7
557048 5 P 5
557269 8 D 4
557554 8 D 2
557582 0 D 2
557584 12 D 2
557585 -1 D -1
557586 0 D 4
557589 3 D 2
557629 0 D 2
557631 0 D 2
557632 0 D 2
557633 34 D 2
557654 7 D 5
557656 7 D 4
557664 12 D 4
557665 12 D 4
557677 0 D 4
557684 -1 D -1
557688 -1 D -1
557777 2 D 19
557794 -1 D 4
557902 -1 C 7
557921 43 D 2
558358 5 P 14
558434 26 D 2
558450 13 C 2
558705 -1 P 1
558818 13 C 45
558853 29 D 5
558897 7 D 7
558918 10 C 35
558959 29 C 7
558963 29 D 5
558976 14 P 5
558983 13 C 35
559001 33 C 6
559004 -1 D -1
559024 -1 P 14
559065 -1 P 5
559074 5 D 4
559144 48 D 8
559145 10 P 5
559146 10 P 1
559153 5 C 4
559197 13 C 14
559300 13 C 7
559340 7 C 7
559341 7 C 7
559342 7 C 7
559344 20 C 7
559345 20 C 7
559401 -1 D 2
559404 11 D 2
559405 11 D 2
559423 11 D 2
559426 2 D 2
559431 11 D 2
559462 11 D 2
559469 11 D 2
559474 26 D 6
559477 48 D 4
559478 1 P 5
559479 1 P -1
559481 36 P -1
559490 7 P 33
559491 7 P 33
559492 7 P 33
559493 7 P 33
559535 10 C 4
559558 18 C 7
559568 6 C 7
559601 0 D 4
559602 0 D 4
559603 0 D 4
559604 0 D 4
559605 0 D 4
559606 0 D 4
559725 11 D 2
559726 31 D 2
559735 11 D 2
559746 5 D 2
559752 47 D 2
559759 38 D 2
559761 23 D 2
559770 7 C 36
559851 10 P -1
559867 10 P 40
559876 10 C 7
559905 -1 D 4
559939 11 D 7
559946 11 D 7
559955 10 P -1
559966 11 D 7
559983 11 D 7
560130 -1 D 4
560255 -1 D -1
561000 -1 D 4
561602 -1 D 4
562601 -1 D -1
563006 -1 D 4
563289 -1 D 4
564261 -1 D 4
564598 -1 D 4
564872 -1 D 4
565653 -1 D -1
565656 -1 D 4
565658 -1 D -1
566161 -1 D 4
566165 -1 D 4
566166 -1 D 4
568050 -1 D -1
571216 -1 D 4
571837 -1 D 4
573513 -1 D 4
575675 -1 D -1
577176 -1 D 4
577588 -1 D 4
579390 -1 D -1
579620 -1 D 4
579724 -1 D 4
581523 -1 D 4
584298 -1 D 4
584637 -1 D 4
587770 -1 D 4
589021 -1 D 4
589458 -1 D -1
590027 -1 D 4
590065 -1 D 4
590102 -1 D 4
590107 -1 D 4
590128 -1 D 4
590152 -1 D 4
590173 -1 D 4
590190 -1 D 4
590212 -1 D 4
590213 -1 D 4
590221 -1 D 4
590318 -1 D 4
590354 -1 D 4
590367 -1 D 4
590376 -1 D 4
590403 -1 D 4
590424 -1 D 4
590459 -1 D 4
590460 -1 D 4
590476 -1 D 4
590514 -1 D 4
590519 -1 D 4
590531 -1 D 4
590539 -1 D 4
590540 -1 D 4
590555 -1 D 4
590592 -1 D 4
590593 -1 D 4
590634 -1 D 4
590659 -1 D 4
590683 -1 D 4
590689 -1 D 4
590721 -1 D 4
590729 -1 D 4
590737 -1 D 4
590758 -1 D 4
590759 -1 D 4
590777 -1 D 4
590800 -1 D 4
590811 -1 D 4
590825 -1 D 4
590864 -1 D 4
590875 -1 D 4
590896 -1 D 4
590898 -1 D 4
590902 -1 D 4
590941 -1 D 4
590953 -1 D 4
590959 -1 D 4
590967 -1 D 4
590982 -1 D 4
590995 -1 D 4
591039 -1 D 4
591062 -1 D 4
591073 -1 D 4
591078 -1 D 4
591107 -1 D 4
591162 -1 D 4
591195 -1 D 4
591197 -1 D 4
591198 -1 D 4
591204 -1 D 4
591218 -1 D 4
591290 -1 D 4
591312 -1 D 4
591335 -1 D 4
591377 -1 D 4
591408 -1 D 4
591436 -1 D 4
591467 -1 D 4
591470 -1 D 4
591473 -1 D 4
591475 -1 D 4
591513 -1 D 4
591516 -1 D 4
591548 -1 D 4
591619 -1 D 4
591666 -1 D 4
591671 -1 D 4
591692 -1 D 4
591716 -1 D 4
591724 -1 D 4
591818 -1 D 4
591835 -1 D 4
591838 -1 D 4
591861 -1 D 4
591868 -1 D 4
591938 -1 D 4
591949 -1 D 4
591984 -1 D 4
591992 -1 D 4
592038 -1 D 4
592083 -1 D 4
592094 -1 D 4
592112 -1 D 4
592131 -1 D 4
592139 -1 D 4
592146 -1 D 4
592151 -1 D 4
592168 -1 D 4
592192 -1 D 4
592215 -1 D 4
592233 -1 D 4
592264 -1 D 4
592281 -1 D 4
592315 -1 D 4
592337 -1 D 4
592372 -1 D 4
592414 -1 D 4
592422 -1 D 4
592459 -1 D 4
592461 -1 D 4
592481 -1 D 4
592486 -1 D 4
592510 -1 D 4
592519 -1 D 4
592555 -1 D 4
592558 -1 D 4
592570 -1 D 4
592581 -1 D 4
592589 -1 D 4
592616 -1 D 4
592660 -1 D 4
592701 -1 D 4
592709 -1 D 4
592727 -1 D 4
592744 -1 D 4
592791 -1 D 4
592805 -1 D 4
592807 -1 D 4
592817 -1 D 4
592846 -1 D 4
592871 -1 D 4
592877 -1 D 4
592899 -1 D 4
592920 -1 D 4
592961 -1 D 4
592988 -1 D 4
593020 -1 D 4
593023 -1 D 4
593034 -1 D 4
593061 -1 D 4
593079 -1 D 4
593088 -1 D 4
593107 -1 D 4
593119 -1 D 4
593123 -1 D 4
593157 -1 D 4
593180 -1 D 4
593191 -1 D 4
593218 -1 D 4
593222 -1 D 4
593241 -1 D 4
593244 -1 D 4
593265 -1 D 4
593289 -1 D 4
593313 -1 D 4
593338 -1 D 4
593342 -1 D 4
593344 -1 D 4
593347 -1 D 4
593360 -1 D 4
593361 -1 D 4
593366 -1 D 4
593390 -1 D 4
593408 -1 D 4
593422 -1 D 4
593457 -1 D 4
593471 -1 D 4
593488 -1 D 4
593498 -1 D 4
593510 -1 D 4
593532 -1 D 4
593590 -1 D 4
593633 -1 D 4
593639 -1 D 4
593682 -1 D 4
593691 -1 D 4
593717 -1 D 4
593743 -1 D 4
593758 -1 D 4
593767 -1 D 4
593780 -1 D 4
593799 -1 D 4
593812 -1 D 4
593820 -1 D 4
593830 -1 D 4
593859 -1 D 4
593872 -1 D 4
593878 -1 D 4
593899 -1 D 4
593932 -1 D 4
593933 -1 D 4
593955 -1 D 4
593965 -1 D 4
593983 -1 D 4
593986 -1 D 4
593988 -1 D 4
593990 -1 D 4
594027 -1 D 4
594042 -1 D 4
594078 -1 D 4
594079 -1 D 4
594096 -1 D 4
594102 -1 D 4
594120 -1 D 4
594131 -1 D 4
594192 -1 D 4
594199 -1 D 4
594208 -1 D 4
594229 -1 D 4
594237 -1 D 4
594282 -1 D 4
594316 -1 D 4
594339 -1 D 4
594394 -1 D 4
594428 -1 D 4
594444 -1 D 4
594445 -1 D 4
594527 -1 D 4
594542 -1 D 4
594544 -1 D 4
594554 -1 D 4
594573 -1 D 4
594594 -1 D 4
594645 -1 D 4
594661 -1 D 4
594680 -1 D 4
594695 -1 D 4
594708 -1 D 4
594714 -1 D 4
594726 -1 D 4
594767 -1 D 4
594770 -1 D 4
594779 -1 D 4
594829 -1 D 4
594844 -1 D 4
594857 -1 D 4
594878 -1 D 4
594883 -1 D 4
594884 -1 D 4
594896 -1 D 4
594901 -1 D 4
594922 -1 D 4
594925 -1 D 4
594961 -1 D 4
594966 -1 D 4
594973 -1 D 4
594977 -1 D 4
594978 -1 D 4
595001 -1 D 4
595009 -1 D 4
595019 -1 D 4
595034 -1 D 4
595108 -1 D 4
595113 -1 D 4
595121 -1 D 4
595156 -1 D 4
595165 -1 D 4
595216 -1 D 4
595226 -1 D 4
595228 -1 D 4
595267 -1 D 4
595271 -1 D 4
595274 -1 D 4
595283 -1 D 4
595345 -1 D 4
595350 -1 D 4
595352 -1 D 4
595391 -1 D 4
595405 -1 D 4
595454 -1 D 4
595458 -1 D 4
595467 -1 D 4
595478 -1 D 4
595485 -1 D 4
595514 -1 D 4
595518 -1 D 4
595519 -1 D 4
595529 -1 D 4
595539 -1 D 4
595565 -1 D 4
595586 -1 D 4
595592 -1 D 4
595602 -1 D 4
595625 -1 D 4
595630 -1 D 4
595633 -1 D 4
595639 -1 D 4
595656 -1 D 4
595684 -1 D 4
595706 -1 D 4
595707 -1 D 4
595720 -1 D 4
595760 -1 D 4
595783 -1 D 4
595797 -1 D 4
595800 -1 D 4
595828 -1 D 4
595831 -1 D 4
595906 -1 D 4
595913 -1 D 4
595915 -1 D 4
595919 -1 D 4
595979 -1 D 4
595981 -1 D 4
596001 -1 D 4
596029 -1 D 4
596059 -1 D 4
596069 -1 D 4
596103 -1 D 4
596107 -1 D 4
596149 -1 D 4
596150 -1 D 4
596158 -1 D 4
596208 -1 D 4
596224 -1 D 4
596283 -1 D 4
596313 -1 D 4
596333 -1 D 4
596381 -1 D 4
596384 -1 D 4
596392 -1 D 4
596403 -1 D 4
596411 -1 D 4
596421 -1 D 4
596458 -1 D 4
596511 -1 D 4
596515 -1 D 4
596557 -1 D 4
596566 -1 D 4
596592 -1 D 4
596602 -1 D 4
596604 -1 D 4
596629 -1 D 4
596638 -1 D 4
596651 -1 D 4
596656 -1 D 4
596660 -1 D 4
596664 -1 D 4
596687 -1 D 4
596743 -1 D 4
596762 -1 D 4
596772 -1 D 4
596777 -1 D 4
596792 -1 D 4
596800 -1 D 4
596811 -1 D 4
596817 -1 D 4
596823 -1 D 4
596829 -1 D 4
596838 -1 D 4
596840 -1 D 4
596848 -1 D 4
596855 -1 D 4
596883 -1 D 4
596901 -1 D 4
596908 -1 D 4
596918 -1 D 4
596922 -1 D 4
596925 -1 D 4
596940 -1 D 4
596974 -1 D 4
597027 -1 D 4
597045 -1 D 4
597092 -1 D 4
597104 -1 D 4
597127 -1 D 4
597137 -1 D 4
597147 -1 D 4
597150 -1 D 4
597154 -1 D 4
597213 -1 D 4
597231 -1 D 4
597256 -1 D 4
597292 -1 D 4
597293 -1 D 4
597331 -1 D 4
597352 -1 D 4
597420 -1 D 4
597431 -1 D 4
597438 -1 D 4
597444 -1 D 4
597453 -1 D 4
597489 -1 D 4
597517 -1 D 4
597535 -1 D 4
597566 -1 D 4
597598 -1 D 4
597635 -1 D 4
597653 -1 D 4
597672 -1 D 4
597761 -1 D 4
597766 -1 D 4
597771 -1 D 4
597787 -1 D 4
597825 -1 D 4
597836 -1 D 4
597853 -1 D 4
597889 -1 D 4
597912 -1 D 4
597946 -1 D 4
597974 -1 D 4
597976 -1 D 4
597980 -1 D 4
598048 -1 D 4
598064 -1 D 4
598075 -1 D 4
598086 -1 D 4
598091 -1 D 4
598113 -1 D 4
598136 -1 D 4
598137 -1 D 4
598197 -1 D 4
598200 -1 D 4
598206 -1 D 4
598220 -1 D 4
598221 -1 D 4
598229 -1 D 4
598245 -1 D 4
598246 -1 D 4
598264 -1 D 4
598269 -1 D 4
598325 -1 D 4
598352 -1 D 4
598384 -1 D 4
598389 -1 D 4
598465 -1 D 4
598492 -1 D 4
598550 -1 D 4
598558 -1 D 4
598566 -1 D 4
598574 -1 D 4
598581 -1 D 4
598605 -1 D 4
598654 -1 D 4
598673 -1 D 4
598714 -1 D 4
598742 -1 D 4
598748 -1 D 4
598824 -1 D 4
598826 -1 D 4
598859 -1 D 4
598892 -1 D 4
598938 -1 D 4
598953 -1 D 4
598963 -1 D 4
598964 -1 D 4
598983 -1 D 4
598991 -1 D 4
598994 -1 D 4
599053 -1 D 4
599062 -1 D 4
599070 -1 D 4
599076 -1 D 4
599095 -1 D 4
599125 -1 D 4
599138 -1 D 4
599170 -1 D 4
599173 -1 D 4
599194 -1 D 4
599225 -1 D 4
599231 -1 D 4
599247 -1 D 4
599279 -1 D 4
599293 -1 D 4
599294 -1 D 4
599314 -1 D 4
599329 -1 D 4
599352 -1 D 4
599391 -1 D 4
599395 -1 D 4
599407 -1 D 4
599424 -1 D 4
599455 -1 D 4
599477 -1 D 4
599498 -1 D 4
599507 -1 D 4
599519 -1 D 4
599578 -1 D 4
599594 -1 D 4
599610 -1 D 4
599622 -1 D 4
599639 -1 D 4
599648 -1 D 4
599656 -1 D 4
599670 -1 D 4
599679 -1 D 4
599740 -1 D 4
599767 -1 D 4
599851 -1 D 4
599860 -1 D 4
599880 -1 D 4
599911 -1 D 4
599973 -1 D 4
599975 -1 D 4
599978 -1 D 4
599993 -1 D 4
600206 -1 D 11
603845 -1 D 11
604776 -1 D -1
604863 -1 D -1
605067 13 D 0
606100 -1 D -1
606102 -1 D -1
606103 -1 D -1
606104 -1 D -1
606105 -1 D -1
606107 -1 D -1
606108 -1 D -1
606109 -1 D -1
606110 -1 D -1
606111 -1 D -1
606112 -1 D -1
606113 -1 D -1
606115 -1 D -1
606116 -1 D -1
606117 -1 D -1
606118 -1 D -1
606119 -1 D -1
606120 -1 D -1
606121 -1 D -1
606123 -1 D -1
606127 -1 D -1
606128 -1 D -1
606129 -1 D -1
606130 -1 D -1
606131 -1 D -1
606132 -1 D -1
606133 -1 D -1
606134 -1 D -1
606135 -1 D -1
606136 -1 D -1
606137 -1 D -1
606138 -1 D -1
606140 -1 D -1
606141 -1 D -1
606142 -1 D -1
606143 -1 D -1
606146 -1 D -1
606147 -1 D -1
606148 -1 D -1
606149 -1 D -1
606150 -1 D -1
606151 -1 D -1
606152 -1 D -1
606153 -1 D -1
606154 -1 D -1
606155 -1 D -1
606156 -1 D -1
606157 -1 D -1
606158 -1 D -1
606159 -1 D -1
606160 -1 D -1
606161 -1 D -1
606162 -1 D -1
606164 -1 D -1
606165 -1 D -1
606167 -1 D -1
606168 -1 D -1
606169 -1 D -1
606170 -1 D -1
606171 -1 D -1
606173 -1 D -1
606174 -1 D -1
606175 -1 D -1
606176 -1 D -1
606177 -1 D -1
606178 -1 D -1
606180 -1 D -1
606181 -1 D -1
606182 -1 D -1
606183 -1 D -1
606184 -1 D -1
606185 -1 D -1
606186 -1 D -1
606187 -1 D -1
606188 -1 D -1
606189 -1 D -1
606190 -1 D -1
606191 -1 D -1
606192 -1 D -1
606193 -1 D -1
606194 -1 D -1
606195 -1 D -1
606196 -1 D -1
606197 -1 D -1
606198 -1 D -1
606199 -1 D -1
606201 -1 D -1
606202 -1 D -1
606203 -1 D -1
606204 -1 D -1
606205 -1 D -1
606206 -1 D -1
606207 -1 D -1
606208 -1 D -1
606210 -1 D -1
606211 -1 D -1
606212 -1 D -1
606213 -1 D -1
606214 -1 D -1
606215 -1 D -1
606216 -1 D -1
606217 -1 D -1
606218 -1 D -1
606219 -1 D -1
606220 -1 D -1
606221 -1 D -1
606222 -1 D -1
606223 -1 D -1
606225 -1 D -1
606226 -1 D -1
606227 -1 D -1
606229 -1 D -1
606230 -1 D -1
606231 -1 D -1
606232 -1 D -1
606234 -1 D -1
606235 -1 D -1
606237 -1 D -1
606239 -1 D -1
606240 -1 D -1
606241 -1 D -1
606242 -1 D -1
606243 -1 D -1
606244 -1 D -1
606245 -1 D -1
606246 -1 D -1
606247 -1 D -1
606248 -1 D -1
606249 -1 D -1
606250 -1 D -1
606251 -1 D -1
606253 -1 D -1
606254 -1 D -1
606255 -1 D -1
606256 -1 D -1
606258 -1 D -1
606259 -1 D -1
606261 -1 D -1
606262 -1 D -1
606264 -1 D -1
606265 -1 D -1
606266 -1 D -1
606267 -1 D -1
606268 -1 D -1
606270 -1 D -1
606271 -1 D -1
606272 -1 D -1
606273 -1 D -1
606275 -1 D -1
606276 -1 D -1
606277 -1 D -1
606278 -1 D -1
606279 -1 D -1
606281 -1 D -1
606283 -1 D -1
606286 -1 D -1
606288 -1 D -1
606289 -1 D -1
606290 -1 D -1
606291 -1 D -1
606292 -1 D -1
606293 -1 D -1
606294 -1 D -1
606296 -1 D -1
606297 -1 D -1
606298 -1 D -1
606300 -1 D -1
606301 -1 D -1
606302 -1 D -1
606303 -1 D -1
606304 -1 D -1
606306 -1 D -1
606307 -1 D -1
606308 -1 D -1
606309 -1 D -1
606310 -1 D -1
606311 -1 D -1
606312 -1 D -1
606313 -1 D -1
606314 -1 D -1
606315 -1 D -1
606316 -1 D -1
606317 -1 D -1
606318 -1 D -1
606319 -1 D -1
606320 -1 D -1
606322 -1 D -1
606323 -1 D -1
606324 -1 D -1
606326 -1 D -1
606327 -1 D -1
606328 -1 D -1
606330 -1 D -1
606331 -1 D -1
606332 -1 D -1
606334 -1 D -1
606338 -1 D -1
606340 -1 D -1
606341 -1 D -1
606342 -1 D -1
606343 -1 D -1
606344 -1 D -1
606345 -1 D -1
606346 -1 D -1
606347 -1 D -1
606350 -1 D -1
606351 -1 D -1
606352 -1 D -1
606353 -1 D -1
606354 -1 D -1
606355 -1 D -1
606356 -1 D -1
606358 -1 D -1
606359 -1 D -1
606360 -1 D -1
606362 -1 D -1
606363 -1 D -1
606366 -1 D -1
606367 -1 D -1
606368 -1 D -1
606369 -1 D -1
606371 -1 D -1
606373 -1 D -1
606375 -1 D -1
606376 -1 D -1
606377 -1 D -1
606378 -1 D -1
606380 -1 D -1
606381 -1 D -1
606382 -1 D -1
606383 -1 D -1
606387 -1 D -1
606388 -1 D -1
606390 -1 D -1
606391 -1 D -1
606392 -1 D -1
606393 -1 D -1
606396 -1 D -1
606397 -1 D -1
606398 -1 D -1
606399 -1 D -1
606400 -1 D -1
606402 -1 D -1
606403 -1 D -1
606405 -1 D -1
606406 -1 D -1
606407 -1 D -1
606408 -1 D -1
606409 -1 D -1
606411 -1 D -1
606412 -1 D -1
606413 -1 D -1
606414 -1 D -1
606415 -1 D -1
606416 -1 D -1
606417 -1 D -1
606418 -1 D -1
606419 -1 D -1
606420 -1 D -1
606421 -1 D -1
606422 -1 D -1
606423 -1 D -1
606424 -1 D -1
606425 -1 D -1
606426 -1 D -1
606427 -1 D -1
606428 -1 D -1
606429 -1 D -1
606430 -1 D -1
606431 -1 D -1
606432 -1 D -1
606433 -1 D -1
606434 -1 D -1
606435 -1 D -1
606437 -1 D -1
606438 -1 D -1
606439 -1 D -1
606440 -1 D -1
606442 -1 D -1
606443 -1 D -1
606446 -1 D -1
606447 -1 D -1
606448 -1 D -1
606449 -1 D -1
606451 -1 D -1
606453 -1 D -1
606454 -1 D -1
606455 -1 D -1
606456 -1 D -1
606458 -1 D -1
606459 -1 D -1
606460 -1 D -1
606461 -1 D -1
606462 -1 D -1
606463 -1 D -1
606464 -1 D -1
606465 -1 D -1
606466 -1 D -1
606467 -1 D -1
606468 -1 D -1
606470 -1 D -1
606471 -1 D -1
606472 -1 D -1
606473 -1 D -1
606474 -1 D -1
606475 -1 D -1
606476 -1 D -1
606477 -1 D -1
606478 -1 D -1
606479 -1 D -1
606480 -1 D -1
606481 -1 D -1
606482 -1 D -1
606483 -1 D -1
606485 -1 D -1
606486 -1 D -1
606487 -1 D -1
606488 -1 D -1
606489 -1 D -1
606490 -1 D -1
606491 -1 D -1
606492 -1 D -1
606493 -1 D -1
606494 -1 D -1
606495 -1 D -1
606496 -1 D -1
606497 -1 D -1
606498 -1 D -1
606499 -1 D -1
606500 -1 D -1
606501 -1 D -1
606502 -1 D -1
606503 -1 D -1
606504 -1 D -1
606505 -1 D -1
606506 -1 D -1
606507 -1 D -1
606508 -1 D -1
606509 -1 D -1
606510 -1 D -1
606511 -1 D -1
606512 -1 D -1
606513 -1 D -1
606514 -1 D -1
606515 -1 D -1
606516 -1 D -1
606517 -1 D -1
606518 -1 D -1
606519 -1 D -1
606520 -1 D -1
606521 -1 D -1
606522 -1 D -1
606523 -1 D -1
606524 -1 D -1
606525 -1 D -1
606526 -1 D -1
606527 -1 D -1
606528 -1 D -1
606529 -1 D -1
606530 -1 D -1
606531 -1 D -1
606532 -1 D -1
606533 -1 D -1
606534 -1 D -1
606535 -1 D -1
606536 -1 D -1
606537 -1 D -1
606538 -1 D -1
606539 -1 D -1
606540 -1 D -1
606541 -1 D -1
606542 -1 D -1
606543 -1 D -1
606544 -1 D -1
606545 -1 D -1
606546 -1 D -1
606547 -1 D -1
606548 -1 D -1
606549 -1 D -1
606550 -1 D -1
606551 -1 D -1
606552 -1 D -1
606553 -1 D -1
606554 -1 D -1
606555 -1 D -1
606556 -1 D -1
606557 -1 D -1
606558 -1 D -1
606559 -1 D -1
606560 -1 D -1
606561 -1 D -1
606562 -1 D -1
606563 -1 D -1
606564 -1 D -1
606565 -1 D -1
606566 -1 D -1
606567 -1 D -1
606568 -1 D -1
606569 -1 D -1
606570 -1 D -1
606571 -1 D -1
606572 -1 D -1
606573 -1 D -1
606574 -1 D -1
606575 -1 D -1
606576 -1 D -1
606577 -1 D -1
606578 -1 D -1
606579 -1 D -1
606580 -1 D -1
606581 -1 D -1
606582 -1 D -1
606583 -1 D -1
606584 -1 D -1
606585 -1 D -1
606586 -1 D -1
606587 -1 D -1
606588 -1 D -1
606589 -1 D -1
606590 -1 D -1
606591 -1 D -1
606592 -1 D -1
606593 -1 D -1
606594 -1 D -1
606595 -1 D -1
606596 -1 D -1
606597 -1 D -1
606598 -1 D -1
606599 -1 D -1
606600 -1 D -1
606601 -1 D -1
606602 -1 D -1
606603 -1 D -1
606604 -1 D -1
606605 -1 D -1
606606 -1 D -1
606607 -1 D -1
606608 -1 D -1
606609 -1 D -1
606610 -1 D -1
606611 -1 D -1
606612 -1 D -1
606613 -1 D -1
606614 -1 D -1
606615 -1 D -1
606616 -1 D -1
606617 -1 D -1
606618 -1 D -1
606619 -1 D -1
606620 -1 D -1
606621 -1 D -1
606622 -1 D -1
606623 -1 D -1
606624 -1 D -1
606625 -1 D -1
606626 -1 D -1
606627 -1 D -1
606628 -1 D -1
606629 -1 D -1
606630 -1 D -1
606631 -1 D -1
606632 -1 D -1
606633 -1 D -1
606634 -1 D -1
606635 -1 D -1
606636 -1 D -1
606637 -1 D -1
606638 -1 D -1
606639 -1 D -1
606640 -1 D -1
606641 -1 D -1
606642 -1 D -1
606643 -1 D -1
606644 -1 D -1
606645 -1 D -1
606646 -1 D -1
606647 -1 D -1
606648 -1 D -1
606649 -1 D -1
606650 -1 D -1
606651 -1 D -1
606652 -1 D -1
606653 -1 D -1
606654 -1 D -1
606655 -1 D -1
606656 -1 D -1
606657 -1 D -1
606658 -1 D -1
606659 -1 D -1
606660 -1 D -1
606661 -1 D -1
606662 -1 D -1
606663 -1 D -1
606664 -1 D -1
606665 -1 D -1
606666 -1 D -1
606668 -1 D -1
606669 -1 D -1
606670 -1 D -1
606671 -1 D -1
606672 -1 D -1
606673 -1 D -1
606674 -1 D -1
606675 -1 D -1
606676 -1 D -1
606677 -1 D -1
606678 -1 D -1
606679 -1 D -1
606680 -1 D -1
606681 -1 D -1
606682 -1 D -1
606683 -1 D -1
606684 -1 D -1
606685 -1 D -1
606686 -1 D -1
606687 -1 D -1
606688 -1 D -1
606689 -1 D -1
606690 -1 D -1
606691 -1 D -1
606692 -1 D -1
606693 -1 D -1
606694 -1 D -1
606695 -1 D -1
606696 -1 D -1
606697 -1 D -1
606698 -1 D -1
606699 -1 D -1
606700 -1 D -1
606701 -1 D -1
606702 -1 D -1
606703 -1 D -1
606704 -1 D -1
606705 -1 D -1
606706 -1 D -1
606707 -1 D -1
606708 -1 D -1
606709 -1 D -1
606710 -1 D -1
606712 -1 D -1
606713 -1 D -1
606714 -1 D -1
606715 -1 D -1
606716 -1 D -1
606717 -1 D -1
606718 -1 D -1
606719 -1 D -1
606720 -1 D -1
606721 -1 D -1
606722 -1 D -1
606723 -1 D -1
606724 -1 D -1
606725 -1 D -1
606726 -1 D -1
606727 -1 D -1
606728 -1 D -1
606729 -1 D -1
606730 -1 D -1
606731 -1 D -1
606732 -1 D -1
606733 -1 D -1
606734 -1 D -1
606735 -1 D -1
606736 -1 D -1
606737 -1 D -1
606738 -1 D -1
606739 -1 D -1
606740 -1 D -1
606741 -1 D -1
606742 -1 D -1
606743 -1 D -1
606744 -1 D -1
606745 -1 D -1
606746 -1 D -1
606747 -1 D -1
606748 -1 D -1
606749 -1 D -1
606750 -1 D -1
606751 -1 D -1
606752 -1 D -1
606753 -1 D -1
606754 -1 D -1
606755 -1 D -1
606756 -1 D -1
606757 -1 D -1
606758 -1 D -1
606759 -1 D -1
606760 -1 D -1
606761 -1 D -1
606762 -1 D -1
606763 -1 D -1
606764 -1 D -1
606765 -1 D -1
606766 -1 D -1
606767 -1 D -1
606768 -1 D -1
606769 -1 D -1
606770 -1 D -1
606771 -1 D -1
606772 -1 D -1
606773 -1 D -1
606774 -1 D -1
606775 -1 D -1
606776 -1 D -1
606777 -1 D -1
606778 -1 D -1
606779 -1 D -1
606780 -1 D -1
606781 -1 D -1
606782 -1 D -1
606783 -1 D -1
606784 -1 D -1
606785 -1 D -1
606786 -1 D -1
606787 -1 D -1
606788 -1 D -1
606789 -1 D -1
606790 -1 D -1
606791 -1 D -1
606792 -1 D -1
606793 -1 D -1
606794 -1 D -1
606795 -1 D -1
606796 -1 D -1
606797 -1 D -1
606798 -1 D -1
606799 -1 D -1
606800 -1 D -1
606802 -1 D -1
606803 -1 D -1
606804 -1 D -1
606805 -1 D -1
606806 -1 D -1
606807 -1 D -1
606808 -1 D -1
606809 -1 D -1
606810 -1 D -1
606811 -1 D -1
606812 -1 D -1
606813 -1 D -1
606814 -1 D -1
606815 -1 D -1
606816 -1 D -1
606817 -1 D -1
606818 -1 D -1
606819 -1 D -1
606820 -1 D -1
606821 -1 D -1
606822 -1 D -1
606823 -1 D -1
606824 -1 D -1
606825 -1 D -1
606826 -1 D -1
606828 -1 D -1
606829 -1 D -1
606830 -1 D -1
606831 -1 D -1
606832 -1 D -1
606833 -1 D -1
606834 -1 D -1
606835 -1 D -1
606836 -1 D -1
606837 -1 D -1
606838 -1 D -1
606839 -1 D -1
606840 -1 D -1
606841 -1 D -1
606842 -1 D -1
606843 -1 D -1
606844 -1 D -1
606845 -1 D -1
606846 -1 D -1
606847 -1 D -1
606848 -1 D -1
606849 -1 D -1
606850 -1 D -1
606851 -1 D -1
606852 -1 D -1
606853 -1 D -1
606854 -1 D -1
606855 -1 D -1
606856 -1 D -1
606857 -1 D -1
606858 -1 D -1
606859 -1 D -1
606860 -1 D -1
606861 -1 D -1
606862 -1 D -1
606863 -1 D -1
606864 -1 D -1
606865 -1 D -1
606866 -1 D -1
606867 -1 D -1
606868 -1 D -1
606869 -1 D -1
606870 -1 D -1
606871 -1 D -1
606872 -1 D -1
606873 -1 D -1
606874 -1 D -1
606875 -1 D -1
606876 -1 D -1
606877 -1 D -1
606878 -1 D -1
606879 -1 D -1
606880 -1 D -1
606881 -1 D -1
606882 -1 D -1
606883 -1 D -1
606884 -1 D -1
606885 -1 D -1
606886 -1 D -1
606887 -1 D -1
606888 -1 D -1
606889 -1 D -1
606890 -1 D -1
606891 -1 D -1
606892 -1 D -1
606893 -1 D -1
606894 -1 D -1
606895 -1 D -1
606896 -1 D -1
606897 -1 D -1
606898 -1 D -1
606899 -1 D -1
606900 -1 D -1
606901 -1 D -1
606902 -1 D -1
606904 -1 D -1
606905 -1 D -1
606906 -1 D -1
606907 -1 D -1
606908 -1 D -1
606909 -1 D -1
606910 -1 D -1
606911 -1 D -1
606912 -1 D -1
606913 -1 D -1
606914 -1 D -1
606915 -1 D -1
606917 -1 D -1
606918 -1 D -1
606919 -1 D -1
606920 -1 D -1
606921 -1 D -1
606922 -1 D -1
606923 -1 D -1
606924 -1 D -1
606925 -1 D -1
606926 -1 D -1
606927 -1 D -1
606928 -1 D -1
606929 -1 D -1
606930 -1 D -1
606932 -1 D -1
606933 -1 D -1
606935 -1 D -1
606937 -1 D -1
606938 -1 D -1
606939 -1 D -1
606941 -1 D -1
606942 -1 D -1
606943 -1 D -1
606944 -1 D -1
606945 -1 D -1
606946 -1 D -1
606947 -1 D -1
606948 -1 D -1
606949 -1 D -1
606950 -1 D -1
606951 -1 D -1
606952 -1 D -1
606953 -1 D -1
606954 -1 D -1
606955 -1 D -1
606956 -1 D -1
606957 -1 D -1
606958 -1 D -1
606959 -1 D -1
606960 -1 D -1
606961 -1 D -1
606962 -1 D -1
606963 -1 D -1
606964 -1 D -1
606965 -1 D -1
606966 -1 D -1
606967 -1 D -1
606968 -1 D -1
606969 -1 D -1
606970 -1 D -1
606971 -1 D -1
606972 -1 D -1
606973 -1 D -1
606974 -1 D -1
606975 -1 D -1
606976 -1 D -1
606977 -1 D -1
606978 -1 D -1
606979 -1 D -1
606980 -1 D -1
606981 -1 D -1
606982 -1 D -1
606983 -1 D -1
606984 -1 D -1
606985 23 D 0
606986 0 D 0
606987 0 D 0
606988 0 D 0
606989 0 D 0
606990 0 D 0
606991 0 D 0
606992 12 D 0
606993 23 D 0
606994 23 D 30
606995 23 D 0
606996 11 P -1
606997 13 D 0
606998 3 D 0
606999 12 D 30
607000 39 D 0
607001 12 D 0
607002 3 D 0
607003 2 D 0
607004 34 D 0
607005 0 D 0
607006 12 D 0
607007 12 D 0
607008 27 D 2
607009 8 D 0
607010 39 D 0
607011 4 D 0
607012 23 D 0
607013 42 D 0
607014 0 D 0
607015 37 D 0
607016 34 D 0
607017 13 D 0
607018 6 D 0
607019 23 D 0
607020 3 D 0
607021 3 D 0
607022 3 D 0
607023 3 D 0
607024 3 D 0
607025 3 D 0
607026 3 D 0
607027 8 D 0
607028 8 D 0
607029 23 D 0
607030 18 D 0
607031 25 D 0
607032 0 D 0
607033 11 P -1
607034 8 D 30
607035 23 D 0
607036 3 D 0
607037 -1 D 0
607038 -1 D 0
607039 13 D 0
607040 6 D 0
607041 8 D 30
607042 6 D 0
607043 6 D 0
607044 23 D 0
607045 0 D 0
607046 23 D 0
607047 -1 D 0
607048 2 D 0
607049 12 D 0
607050 0 D 0
607051 -1 D 0
607052 34 D 0
607053 34 D 0
607054 34 D 0
607055 -1 D 0
607056 18 D 0
607057 -1 D 0
607058 -1 D 30
607059 37 D 0
607060 37 D 0
607061 6 D 0
607062 8 D 0
607063 8 D 0
607064 8 D 0
607065 8 D 0
607066 4 D 0
607067 18 D 0
607068 4 P 1
607069 2 D 0
607070 4 D 30
607071 2 D 0
607072 0 D 0
607073 2 D 0
607074 0 D 0
607075 23 D 0
607076 12 D 0
607077 8 D 0
607078 42 D 30
607079 4 D 0
607080 12 D 0
607081 13 D 0
607082 0 D 30
607083 14 P 1
607084 -1 D 0
607085 8 D 0
607086 11 P -1
607087 42 D 0
607088 -1 D 0
607089 23 D 0
607090 -1 D 0
607091 10 P -1
607092 7 D 0
607093 8 D 0
607094 0 D 0
607095 18 C 0
607096 23 D 30
607097 7 D 0
607098 8 D 30
607099 23 D 0
607100 25 D 0
607101 -1 D 0
607102 10 D 0
607103 11 D 0
607104 -1 C 0
607105 34 D 30
607106 -1 D 0
607107 -1 D 0
607108 -1 D 0
607109 13 D 0
607110 1 P 1
607111 42 D 0
607112 0 D 0
607113 0 D 0
607114 8 D 0
607115 2 D 0
607116 12 D 0
607117 34 D 30
607118 7 D 0
607119 -1 D 0
607120 -1 D 0
607121 6 D 0
607122 6 D 0
607123 34 D 0
607124 6 D 0
607125 -1 D 0
607126 37 D 30
607127 11 D 0
607128 11 D 0
607129 10 P 1
607130 -1 D 0
607131 -1 D 0
607132 11 D 0
607133 3 D 0
607134 11 D 0
607135 8 D 0
607136 8 D 0
607137 34 D 30
607138 8 D 0
607139 8 D 0
607140 8 D 0
607141 10 D 0
607142 3 D 0
607143 -1 D 0
607144 -1 D 0
607145 13 D 0
607146 -1 D 0
607147 13 D 0
607148 -1 D 0
607149 3 D 0
607150 -1 D 0
607151 3 D 0
607152 13 D 0
607153 7 D 0
607154 11 D 0
607155 13 D 0
607156 18 D 0
607157 13 D 0
607158 13 D 0
607159 -1 D 0
607160 -1 D 0
607161 12 D 0
607162 10 D 0
607163 -1 D 0
607164 7 D 0
607165 1 D 0
607166 11 D 0
607167 -1 D 30
607168 12 P 1
607169 8 D 0
607170 37 D 0
607171 -1 D 0
607172 -1 D 0
607173 -1 D 0
607174 -1 D 0
607175 -1 D 0
607176 -1 D 0
607177 -1 D 0
607178 11 D 0
607179 11 D 0
607180 13 D 0
607181 -1 D 0
607182 -1 D 0
607183 -1 D 0
607184 12 D 0
607185 11 D 0
607186 10 D 0
607187 -1 D 0
607188 -1 D 0
607189 14 D 0
607190 8 D 0
607191 8 D 0
607192 8 D 0
607193 12 D 30
607194 8 D 0
607195 0 D 0
607196 11 D 0
607197 0 D 0
607198 0 D 0
607199 0 D 0
607200 0 D 0
607201 0 D 0
607202 8 D 0
607203 8 D 0
607204 8 D 0
607205 18 D 0
607206 0 D 0
607207 0 D 0
607208 23 D 30
607209 2 D 0
607210 0 D 0
607211 0 D 0
607212 23 D 0
607213 23 D 0
607214 0 D 0
607215 0 D 0
607216 0 D 0
607217 0 D 0
607218 0 D 0
607219 0 D 0
607220 0 D 0
607221 0 D 0
607222 1 P 2
607223 10 D 0
607224 11 D 0
607225 13 D 0
607226 11 D 0
607227 11 D 0
607228 11 D 0
607229 13 D 0
607230 0 D 0
607231 0 D 0
607232 0 D 0
607233 0 D 0
607234 0 D 0
607235 0 D 0
607236 -1 D 0
607237 7 D 0
607238 10 D 0
607239 6 D 30
607240 -1 D 0
607241 0 D 0
607242 8 D 0
607243 23 D 0
607244 -1 D 0
607245 -1 D 0
607246 -1 D 0
607247 3 D 0
607248 13 D 0
607249 -1 D 0
607250 2 D 0
607251 2 D 0
607252 11 D 0
607253 11 D 0
607254 11 D 0
607255 13 D 0
607256 39 D 0
607257 13 D 0
607258 -1 D 0
607259 13 D 0
607260 13 D 0
607261 -1 D 0
607262 13 D 0
607263 7 D 0
607264 2 D 0
607265 3 D 0
607266 3 D 0
607267 18 D 0
607268 13 D 0
607269 18 D 0
607270 40 D 0
607271 -1 D 0
607272 -1 D 0
607273 -1 D 0
607274 -1 D 0
607275 34 D 0
607276 -1 D 0
607277 13 D 0
607278 -1 D 0
607279 -1 D 0
607280 23 D 0
607281 23 D 0
607282 7 D 0
607283 23 D 0
607284 -1 D 0
607285 13 D 0
607286 11 D 0
607287 10 D 0
607288 -1 D 0
607289 13 D 0
607290 32 D 0
607291 -1 D 0
607292 -1 D 0
607293 11 D 0
607294 4 D 0
607295 3 D 0
607296 11 D 0
607297 18 D 0
607298 -1 D 0
607299 13 D 0
607300 2 D 0
607301 34 D 0
607302 34 D 0
607303 -1 D 0
607304 11 D 0
607305 11 D 0
607306 11 D 0
607307 45 D 0
607308 6 D 0
607309 4 D 0
607310 42 D 0
607311 13 D 0
607312 18 D 0
607313 18 D 0
607314 18 D 0
607315 -1 D 0
607316 -1 D 0
607317 -1 D 0
607318 13 D 0
607319 -1 D 0
607320 -1 D 0
607321 13 D 0
607322 1 D 0
607323 11 D 0
607324 22 D 0
607325 -1 D 0
607326 11 D 0
607327 -1 D 0
607328 13 D 0
607329 13 D 0
607330 13 D 0
607331 13 D 0
607332 18 D 0
607333 18 D 0
607334 -1 D 0
607335 11 D 0
607336 11 D 0
607337 -1 D 0
607338 -1 D 0
607339 -1 D 0
607340 13 D 0
607341 10 D 0
607342 10 D 0
607343 11 D 0
607344 13 D 0
607345 11 D 0
607346 11 D 0
607347 11 D 0
607348 18 D 0
607349 11 D 0
607350 13 D 0
607351 14 P 2
607352 34 D 0
607353 -1 P 2
607354 -1 D 0
607355 3 D 0
607356 11 D 0
607357 13 D 0
607358 1 D 0
607359 -1 D 0
607360 -1 D 0
607361 18 D 0
607362 10 D 0
607363 1 D 0
607364 18 D 0
607365 23 D 0
607366 -1 D 0
607367 13 D 0
607368 11 D 0
607369 13 D 0
607370 13 D 0
607371 18 D 0
607372 13 D 0
607373 8 D 0
607374 8 D 0
607375 8 D 0
607376 8 D 0
607377 4 D 0
607378 13 D 0
607379 13 D 0
607380 13 D 0
607381 -1 D 0
607382 10 D 0
607383 -1 D 0
607384 -1 D 0
607385 39 D 0
607386 6 D 0
607387 39 C 0
607388 6 D 0
607389 6 D 0
607390 6 D 0
607391 39 D 30
607392 6 D 30
607393 5 D 0
607394 29 D 0
607395 -1 D 2
607396 6 D 0
607397 -1 D 0
607398 3 P -1
607399 -1 C 0
607400 -1 D 0
607401 39 D 0
607402 6 D 0
607403 6 D 0
607404 6 D 0
607405 6 D 0
607406 11 D 30
607407 7 D 0
607408 11 D 30
607409 18 D 30
607410 5 D 0
607411 11 D 30
607412 11 D 30
607413 -1 D 30
607414 7 D 2
607415 11 D 30
607416 11 D 30
607417 11 D 0
607418 6 D 0
607419 18 D 0
607420 20 D 0
607421 20 P 1
607422 6 D 0
607423 11 D 30
607424 10 D 30
607425 11 D 0
607426 11 D 30
607427 5 P 1
607428 0 D 0
607429 0 D 0
607430 0 D 0
607431 0 D 0
607432 0 D 0
607433 0 D 0
607434 0 D 0
607435 0 D 0
607436 0 D 0
607437 7 D 0
607438 31 D 0
607439 31 D 0
607440 -1 D 0
607441 13 D 0
607442 -1 D 0
607443 20 P 1
607444 20 C 0
607445 7 D 0
607446 10 D 0
607447 6 D 2
607448 7 P 46
607449 10 P 1
607450 5 P 1
607451 14 D 0
607452 11 P 46
607453 11 D 0
607454 6 D 0
607455 0 D 0
607456 0 D 0
607457 0 D 0
607458 39 D 0
607459 18 D 0
607460 10 D 0
607461 31 D 2
607462 11 D 30
607463 -1 D 0
607464 6 D 0
607465 7 D 0
607466 11 D 30
607467 7 D 0
607468 6 D 0
607469 20 D 30
607470 11 D 2
607471 9 D 0
607472 9 D 30
607473 11 D 30
607474 11 D 30
607475 -1 D 0
607476 6 D 0
607477 10 D 0
607478 11 D 30
607479 11 D 30
607480 18 D 2
607481 -1 D 0
607482 -1 D 0
607483 -1 D 0
607484 -1 D 0
607485 -1 D 0
607486 34 P -1
607487 18 D 0
607488 18 D 0
607489 18 D 0
607490 18 D 0
607491 18 D 0
607492 18 D 0
607493 18 D 0
607494 18 D 0
607495 18 D 0
607496 18 D 0
607497 18 D 0
607498 18 D 0
607499 18 D 0
607500 18 D 0
607501 18 D 0
607502 18 D 0
607503 18 D 0
607504 18 D 0
607505 18 D 0
607506 -1 D 0
607507 18 D 0
607508 18 D 0
607509 0 D 0
607510 0 D 0
607511 0 D 0
607512 6 D 0
607513 0 D 0
607514 -1 D 0
607515 0 P -1
607516 11 D 0
607517 11 D 0
607518 11 D 0
607519 11 D 0
607520 11 D 0
607521 18 D 0
607522 11 D 0
607523 11 D 0
607524 11 D 0
607525 4 D 0
607526 12 P -1
607527 2 P -1
607528 13 D 0
607529 7 D 0
607530 3 D 0
607531 10 P 1
607532 0 D 30
607533 0 D 30
607534 0 D 30
607535 0 D 30
607536 0 D 30
607537 0 D 30
607538 0 D 0
607539 0 D 0
607540 11 D 0
607541 3 D 0
607542 11 D 0
607543 7 D 0
607544 -1 D 0
607545 7 D 0
607546 18 D 0
607547 -1 D 0
607548 13 D 0
607549 13 D 0
607550 7 D 0
607551 7 D 0
607552 7 D 0
607553 -1 D 0
607554 -1 D 0
607555 10 D 0
607556 -1 D 0
607557 7 D 0
607558 7 D 0
607559 7 D 0
607560 7 D 0
607561 7 D 0
607562 7 D 0
607563 7 D 0
607564 7 D 0
607565 7 D 0
607566 7 D 0
607567 7 D 0
607568 7 D 0
607569 7 D 0
607570 10 D 0
607571 -1 D 0
607572 -1 D 0
607573 11 D 0
607574 7 D 0
607575 10 D 0
607576 13 P 1
607577 -1 P 2
607578 0 D 30
607579 -1 D 0
607580 6 D 0
607581 11 D 0
607582 -1 D 0
607583 -1 D 0
607584 11 D 0
607585 18 D 0
607586 13 D 0
607587 13 D 0
607588 1 D 0
607589 23 D 0
607590 11 D 0
607591 23 D 0
607592 11 D 0
607593 18 D 0
607594 -1 D 0
607595 11 D 0
607596 7 D 0
607597 11 D 0
607598 0 P -1
607599 0 D 30
607600 7 D 0
607601 11 D 0
607602 10 D 0
607603 13 D 0
607604 13 D 0
607605 -1 D 0
607606 13 D 0
607607 13 D 0
607608 1 D 0
607609 13 D 0
607610 13 D 0
607611 13 D 0
607612 7 D 0
607613 18 D 0
607614 13 D 0
607615 13 D 0
607616 -1 D 0
607617 -1 D 0
607618 10 D 0
607619 10 D 0
607620 -1 D 0
607621 -1 D 0
607622 13 D 0
607623 7 D 0
607624 7 D 0
607625 38 D 0
607626 13 D 0
607627 10 D 0
607628 13 D 0
607629 13 D 0
607630 -1 D 0
607631 1 D 0
607632 13 D 0
607633 -1 D 0
607634 13 D 0
607635 11 D 0
607636 11 D 0
607637 18 D 0
607638 7 D 0
607639 11 D 0
607640 18 D 0
607641 11 D 0
607642 13 D 0
607643 1 D 0
607644 -1 D 0
607645 11 D 0
607646 3 D 0
607647 7 D 0
607648 -1 D 0
607649 13 D 0
607650 11 D 0
607651 11 D 0
607652 18 D 0
607653 18 D 0
607654 11 D 0
607655 7 D 0
607656 11 D 0
607657 11 D 0
607658 1 D 0
607659 13 D 0
607660 11 D 0
607661 -1 D 0
607662 11 D 0
607663 11 D 0
607664 18 D 0
607665 -1 D 0
607666 13 D 0
607667 11 D 0
607668 18 D 0
607669 18 D 0
607670 18 D 0
607671 18 D 0
607672 18 D 0
607673 13 D 0
607674 -1 D 0
607675 -1 D 0
607676 18 D 0
607677 7 D 0
607678 11 D 0
607679 11 D 0
607680 18 D 0
607681 37 D 0
607682 10 D 0
607683 -1 D 0
607684 11 D 0
607685 13 D 0
607686 -1 D 0
607687 -1 D 0
607688 10 D 0
607689 -1 D 0
607690 -1 D 0
607691 13 D 0
607692 -1 D 0
607693 11 D 0
607694 13 D 0
607695 13 D 0
607696 18 D 0
607697 -1 D 0
607698 -1 D 0
607699 18 D 0
607700 11 D 0
607701 18 D 0
607702 13 D 0
607703 11 D 0
607704 10 D 0
607705 10 D 0
607706 13 D 0
607707 -1 D 0
607708 -1 D 0
607709 -1 D 0
607710 11 D 0
607711 13 D 0
607712 10 D 0
607713 3 D 0
607714 13 D 0
607715 13 D 0
607716 11 D 0
607717 11 D 0
607718 11 D 0
607719 11 D 0
607720 11 D 0
607721 11 D 0
607722 11 D 0
607723 11 D 0
607724 11 D 0
607725 11 D 0
607726 11 D 0
607727 11 D 0
607728 7 D 0
607729 11 D 0
607730 18 D 0
607731 13 D 0
607732 -1 D 0
607733 13 D 0
607734 11 D 0
607735 7 D 0
607736 18 D 0
607737 11 D 0
607738 11 D 0
607739 11 D 0
607740 11 D 0
607741 11 D 0
607742 -1 D 0
607743 18 D 0
607744 7 D 0
607745 18 D 0
607746 7 D 0
607747 18 D 0
607748 11 D 0
607749 11 D 0
607750 11 D 0
607751 11 D 0
607752 11 D 0
607753 11 D 0
607754 11 D 0
607755 10 D 0
607756 -1 D 0
607757 7 D 0
607758 7 D 0
607759 -1 D 0
607760 -1 D 0
607761 11 D 0
607762 11 D 0
607763 11 D 0
607764 11 D 0
607765 11 D 0
607766 -1 D 0
607767 11 D 0
607768 21 D 2
607769 -1 D 0
607770 -1 D 0
607771 11 D 0
607772 11 D 0
607773 13 D 0
607774 0 D 30
607775 11 D 0
607776 11 D 0
607777 11 D 0
607778 11 D 0
607779 11 D 0
607780 18 D 0
607781 7 D 0
607782 1 P 1
607783 -1 D 0
607784 18 D 0
607785 18 D 0
607786 13 D 0
607787 6 D 2
607788 7 D 0
607789 -1 D 0
607790 11 D 0
607791 13 D 0
607792 11 D 0
607793 -1 D 0
607794 0 D 0
607795 10 D 0
607796 18 D 0
607797 10 P 1
607798 13 D 0
607799 -1 D 0
607800 11 D 0
607801 13 D 0
607802 13 D 2
607803 -1 D 0
607804 11 D 0
607805 11 D 0
607806 7 D 0
607807 7 D 0
607808 -1 D 0
607809 -1 D 0
607810 10 D 0
607811 -1 D 0
607812 18 D 0
607813 18 D 0
607814 18 D 0
607815 18 D 0
607816 -1 D 0
607817 -1 D 0
607818 11 D 0
607819 11 D 0
607820 13 D 0
607821 -1 D 0
607822 -1 D 0
607823 11 D 0
607824 32 P 2
607825 7 D 0
607826 7 D 0
607827 1 D 0
607828 11 D 0
607829 11 D 0
607830 -1 D 0
607831 42 D 0
607832 11 D 0
607833 11 D 0
607834 11 D 0
607835 11 D 0
607836 -1 D 0
607837 11 D 0
607838 11 P -1
607839 11 D 0
607840 11 D 0
607841 7 D 0
607842 0 D 0
607843 7 D 0
607844 13 D 0
607845 11 D 0
607846 -1 D 0
607847 11 D 0
607848 23 D 0
607849 13 P 1
607850 7 D 0
607851 8 D 0
607852 6 D 0
607853 18 D 0
607854 6 P -1
607855 0 D 0
607856 0 P -1
607857 7 P 1
607858 7 P -1
607859 8 D 2
607860 18 D 0
607861 7 P -1
607862 7 D 0
607863 11 D 0
607864 -1 D 0
607865 7 D 0
607866 11 D 0
607867 22 P 2
607868 11 D 0
607869 11 D 0
607870 18 D 0
607871 11 D 0
607872 11 D 0
607873 11 D 0
607874 -1 D 0
607875 11 D 0
607876 19 D 0
607877 11 D 0
607878 -1 D 0
607879 3 D 2
607880 12 D 2
607881 -1 D 0
607882 4 D 0
607883 8 P -1
607884 -1 D 0
607885 12 D 2
607886 13 D 0
607887 -1 D 0
607888 -1 D 30
607889 7 D 0
607890 7 D 0
607891 11 D 0
607892 11 D 0
607893 13 D 0
607894 7 D 0
607895 23 D 30
607896 7 D 0
607897 7 D 0
607898 11 D 0
607899 -1 D 0
607900 0 D 0
607901 0 D 0
607902 0 D 0
607903 0 D 0
607904 0 D 0
607905 1 D 0
607906 25 P 1
607907 -1 D 0
607908 0 D 30
607909 12 D 0
607910 12 D 30
607911 11 D 0
607912 -1 D 0
607913 36 P -1
607914 3 P 2
607915 0 C 0
607916 0 C 0
607917 0 C 0
607918 12 D 0
607919 -1 D 30
607920 18 D 0
607921 -1 D 0
607922 34 D 2
607923 7 D 0
607924 18 D 0
607925 18 D 0
607926 13 D 30
607927 3 D 30
607928 11 D 0
607929 44 D 0
607930 10 D 0
607931 14 P 1
607932 7 D 0
607933 0 D 0
607934 10 D 0
607935 -1 D 0
607936 10 D 0
607937 18 D 0
607938 23 D 2
607939 7 D 0
607940 18 D 0
607941 25 D 30
607942 11 D 0
607943 11 D 0
607944 23 D 0
607945 3 D 0
607946 18 D 0
607947 3 D 0
607948 12 D 0
607949 22 D 30
607950 -1 P 1
607951 40 D 30
607952 7 D 0
607953 -1 D 0
607954 11 D 0
607955 18 D 0
607956 23 D 0
607957 13 D 0
607958 13 D 0
607959 -1 D 0
607960 -1 D 0
607961 13 D 0
607962 11 D 0
607963 11 D 0
607964 18 D 0
607965 11 D 0
607966 11 D 0
607967 18 D 0
607968 11 D 0
607969 -1 D 0
607970 -1 D 0
607971 -1 D 0
607972 -1 D 0
607973 -1 D 0
607974 7 D 0
607975 13 D 0
607976 13 D 0
607977 13 D 0
607978 11 D 0
607979 22 D 2
607980 0 D 0
607981 18 D 0
607982 11 D 0
607983 -1 D 0
607984 -1 D 0
607985 -1 D -1
607986 -1 D -1
607987 -1 D -1
607988 -1 D -1
607989 -1 D -1
607990 -1 D -1
607991 -1 D -1
607992 -1 D -1
607993 -1 D -1
607994 -1 D -1
607995 -1 D -1
607996 -1 D -1
607997 -1 D -1
607998 -1 D -1
607999 -1 D -1
608000 -1 D -1
608001 48 D 0
608002 48 D 2
608003 48 P -1
608004 -1 D 0
608005 -1 P 1
608006 20 P 1
608007 11 D 0
608008 18 D 2
608009 -1 D 2
608010 10 P 2
608011 13 D 0
608012 18 D 0
608013 11 D 0
608014 17 D 0
608015 -1 P -1
608016 -1 D 0
608017 10 D 0
608018 10 D 0
608019 -1 D 0
608020 18 D 0
608021 11 D 0
608022 -1 D 0
608023 34 D 2
608024 13 D 0
608025 13 D 0
608026 13 D 0
608027 13 D 30
608028 11 D 0
608029 7 D 0
608030 7 D 0
608031 6 D 0
608032 36 D 2
608033 8 D 0
608034 11 D 0
608035 -1 D 0
608036 18 D 0
608037 11 D 0
608038 11 D 0
608039 14 D 0
608040 14 D 2
608041 8 D 0
608042 12 D 0
608043 12 D 30
608044 12 D 0
608045 6 D 0
608046 18 D 0
608047 12 P -1
608048 7 D 0
608049 18 D 0
608050 13 D 0
608051 5 P 1
608052 23 D 30
608053 13 D 0
608054 -1 D 2
608055 10 D 0
608056 10 D 0
608057 7 D 0
608058 13 D 0
608059 11 D 0
608060 18 D 0
608061 13 D 0
608062 11 D 30
608063 11 D 30
608064 11 D 30
608065 7 D 0
608066 7 D 0
608067 0 D 0
608068 -1 D 0
608069 18 D 0
608070 18 D 0
608071 18 D 0
608072 -1 D 0
608073 8 D 30
608074 7 P -1
608075 7 P -1
608076 11 D 0
608077 7 D 0
608078 0 D 0
608079 18 D 0
608080 10 P -1
608081 -1 D 0
608082 -1 D 2
608083 11 D 0
608084 18 D 0
608085 11 D 0
608086 8 D 0
608087 35 D 2
608088 35 D 0
608089 13 D 0
608090 11 D 0
608091 13 D 0
608092 18 D 0
608093 11 D 0
608094 37 D 0
608095 37 D 30
608096 37 D 0
608097 -1 D 0
608098 18 D 0
608099 13 D 0
608100 7 D 0
608101 -1 D 0
608102 34 D 0
608103 21 P 2
608104 13 D 0
608105 -1 D 0
608106 -1 D 30
608107 11 D 0
608108 10 P 1
608109 13 D 2
608110 -1 D 0
608111 10 D 0
608112 34 C 0
608113 -1 D 2
608114 0 C 0
608115 18 D 0
608116 -1 D 0
608117 -1 D 0
608118 -1 D 2
608119 8 D 0
608120 25 D 0
608121 18 D 0
608122 10 D 0
608123 -1 D 0
608124 7 D 0
608125 8 D 0
608126 8 D 0
608127 8 D 30
608128 -1 D 30
608129 8 D 0
608130 13 D 0
608131 13 D 0
608132 13 D 0
608133 10 D 0
608134 13 D 0
608135 0 D 0
608136 3 D 0
608137 11 D 0
608138 0 D 0
608139 0 D 0
608140 0 D 0
608141 3 D 0
608142 23 D 0
608143 23 D 0
608144 23 D 0
608145 1 D 0
608146 13 D 0
608147 10 D 0
608148 -1 D 0
608149 19 D 0
608150 -1 D 0
608151 18 D 0
608152 11 D 0
608153 11 D 0
608154 11 D 0
608155 10 D 0
608156 7 D 0
608157 10 D 0
608158 13 D 0
608159 11 D 0
608160 0 D 0
608161 12 D 0
608162 42 D 0
608163 8 D 0
608164 13 D 0
608165 0 D 0
608166 37 D 0
608167 0 D 0
608168 18 D 0
608169 11 D 0
608170 11 D 0
608171 34 D 0
608172 34 D 0
608173 34 D 0
608174 10 D 0
608175 -1 D 0
608176 10 D 0
608177 11 D 0
608178 11 D 0
608179 18 D 0
608180 13 D 0
608181 7 D 0
608182 18 D 0
608183 11 D 0
608184 11 D 0
608185 -1 D 0
608186 18 D 0
608187 11 D 0
608188 13 D 0
608189 -1 D 0
608190 -1 D 0
608191 11 D 0
608192 3 D 0
608193 -1 D 0
608194 -1 D 2
608195 -1 D 0
608196 11 D 0
608197 36 D 2
608198 11 D 0
608199 11 D 0
608200 -1 C 0
608201 6 C 0
608202 -1 D 0
608203 -1 C 0
608204 -1 C 0
608205 -1 C 0
608206 -1 C 0
608207 -1 C 0
608208 0 P -1
608209 0 P 1
608210 23 P 1
608211 23 P 1
608212 23 P 1
608213 -1 D 0
608214 23 D 0
608215 34 D 0
608216 -1 P 2
608217 13 D 2
608218 34 D 0
608219 34 D 0
608220 7 D 0
608221 6 D 2
608222 18 D 0
608223 13 D 0
608224 7 D 0
608225 4 D 0
608226 -1 D 2
608227 -1 D 2
608228 -1 D 2
608229 -1 D 2
608230 -1 P 1
608231 10 D 2
608232 10 P 1
608233 -1 D 2
608234 23 D 2
608235 -1 D 2
608236 -1 D 2
608237 6 D 2
608238 20 P 1
608239 20 P 1
608240 6 D 2
608241 1 P 2
608242 -1 D 2
608243 -1 D 2
608244 -1 P -1
608245 6 D 2
608246 11 D 0
608247 -1 D 2
608248 -1 D 2
608249 -1 D 2
608250 -1 D 2
608251 -1 D 0
608252 -1 P -1
608253 -1 P -1
608254 13 P 2
608255 -1 P -1
608256 13 P -1
608257 13 P -1
608258 13 P -1
608259 23 D 0
608260 23 D 0
608261 23 D 0
608262 23 D 30
608263 23 D 0
608264 -1 P -1
608265 -1 P -1
608266 14 D 0
608267 45 D 0
608268 14 P 1
608269 18 D 0
608270 -1 D 0
608271 5 P -1
608272 34 D 0
608273 12 D 0
608274 -1 P 1
608275 12 P -1
608276 10 P -1
608277 13 P 1
608278 -1 P 2
608279 0 D 2
608280 18 D 2
608281 -1 P 2
608282 10 P 2
608283 -1 D 2
608284 -1 D 2
608285 -1 D 2
608286 -1 D 2
608287 13 D 2
608288 39 D 2
608289 0 D 2
608290 8 D 2
608291 32 P 2
608292 -1 D 2
608293 0 D 2
608294 -1 D 2
608295 7 D 0
608296 11 D 2
608297 -1 D 2
608298 -1 C 0
608299 11 D 2
608300 3 D 2
608301 -1 D 0
608302 -1 D 0
608303 -1 D 0
608304 -1 D 0
608305 3 D 0
608306 13 P 2
608307 13 P 2
608308 13 P 2
608309 13 D 2
608310 13 D 2
608311 -1 D 2
608312 11 P -1
608313 32 P 2
608314 49 D 0
608315 -1 D 2
608316 -1 D 2
608317 -1 P 2
608318 -1 P 1
608319 34 D 2
608320 13 D 2
608321 13 D 0
608322 13 D 0
608323 -1 P -1
608324 10 D 0
608325 20 D 0
608326 -1 D 0
608327 7 P -1
608328 32 P 2
608329 -1 P 1
608330 1 P 1
608331 -1 D 0
608332 12 D 0
608333 -1 P -1
608334 13 D 0
608335 18 D 0
608336 -1 P 2
608337 18 D 0
608338 7 D 0
608339 13 D 0
608340 18 D 0
608341 -1 D 2
608342 23 P 2
608343 -1 D 0
608344 -1 D 0
608345 7 D 0
608346 18 D 0
608347 -1 P 2
608348 -1 D 2
608349 11 D 0
608350 12 D 2
608351 13 P 2
608352 11 P 1
608353 5 P 1
608354 25 P 1
608355 0 D 2
608356 0 D 0
608357 7 P 2
608358 -1 P 2
608359 32 D 30
608360 14 P 2
608361 23 P -1
608362 -1 P 1
608363 14 P 1
608364 14 P 1
608365 -1 P 2
608366 -1 P 2
608367 -1 P 2
608368 -1 P 2
608369 10 P 2
608370 13 P 1
608371 -1 P 2
608372 3 C -1
608373 -1 D 0
608374 -1 D 0
608375 18 D 0
608376 10 D 0
608377 -1 D 0
608378 18 D 0
608379 7 D 0
608380 18 D 0
608381 -1 D 0
608382 11 D 0
608383 18 D 0
608384 11 D 0
608385 11 D 0
608386 7 D 0
608387 18 D 0
608388 10 D 0
608389 10 D 0
608390 18 D 0
608391 13 D 0
608392 13 D 0
608393 13 D 0
608394 13 D 0
608395 10 D 0
608396 10 D 0
608397 13 D 0
608398 7 D 0
608399 10 D 0
608400 7 D 0
608401 18 D 0
608402 13 D 0
608403 13 D 0
608404 10 D 0
608405 7 D 0
608406 7 D 0
608407 18 D 0
608408 11 D 0
608409 11 D 0
608410 13 D 0
608411 10 D 0
608412 11 D 0
608413 13 D 0
608414 13 D 0
608415 14 D 0
608416 13 D 0
608417 13 D 0
608418 11 D 0
608419 18 D 0
608420 18 D 0
608421 13 D 0
608422 13 D 0
608423 11 D 0
608424 11 D 0
608425 7 D 0
608426 13 D 0
608427 7 D 0
608428 18 D 0
608429 18 D 0
608430 18 D 0
608431 -1 D 0
608432 18 D 0
608433 18 D 0
608434 11 D 0
608435 18 D 0
608436 13 D 0
608437 11 D 0
608438 18 D 0
608439 18 D 0
608440 7 D 0
608441 7 D 0
608442 10 D 0
608443 -1 P -1
608444 13 D 0
608445 7 D 0
608446 18 D 0
608447 11 D 0
608448 13 D 0
608449 7 D 0
608450 -1 D 0
608451 13 D 0
608452 -1 D 0
608453 -1 D 0
608454 -1 D 0
608455 7 D 0
608456 13 D 0
608457 13 D 0
608458 11 D 0
608459 18 D 0
608460 13 D 0
608461 13 D 0
608462 7 D 0
608463 13 D 0
608464 11 D 0
608465 0 D 0
608466 11 D 0
608467 13 D 0
608468 11 D 0
608469 10 D 0
608470 11 D 0
608471 7 D 0
608472 11 D 0
608473 7 D 0
608474 7 D 0
608475 7 D 0
608476 11 D 0
608477 13 D 0
608478 18 D 0
608479 18 D 0
608480 11 D 0
608481 10 D 0
608482 18 D 0
608483 11 D 0
608484 13 D 0
608485 13 D 0
608486 13 D 0
608487 13 D 0
608488 18 D 0
608489 18 D 0
608490 13 D 0
608491 7 D 0
608492 18 D 0
608493 13 D 0
608494 11 D 2
608495 18 D 0
608496 13 D 2
608497 13 D 0
608498 -1 D 0
608499 -1 D 0
608500 -1 D 0
608501 -1 D -1
608502 -1 D -1
608503 -1 D -1
608504 -1 D -1
608505 -1 D -1
608506 -1 D -1
608507 -1 D -1
608508 -1 D -1
608509 -1 D -1
608510 -1 D -1
608511 -1 D -1
608512 -1 D -1
608513 -1 D -1
608514 -1 D -1
608515 -1 D -1
608516 -1 D -1
608517 -1 D -1
608518 -1 D -1
608519 -1 D -1
608520 -1 D -1
608521 -1 D -1
608522 -1 D -1
608523 -1 D -1
608524 -1 D -1
608525 -1 D -1
608526 -1 D -1
608527 -1 D -1
608528 -1 D -1
608529 -1 D -1
608530 -1 D -1
608531 -1 D -1
608532 -1 D -1
608533 -1 D -1
608534 -1 D -1
608535 -1 D -1
608536 -1 D -1
608537 -1 D -1
608538 -1 D -1
608539 -1 D -1
608540 -1 D -1
608541 -1 D -1
608542 -1 D -1
608543 -1 D -1
608544 -1 D -1
608545 -1 D -1
608546 -1 D -1
608547 -1 D -1
608548 -1 D -1
608549 -1 D -1
608550 -1 D -1
608551 -1 D -1
608552 -1 D -1
608553 -1 D -1
608554 -1 D -1
608555 -1 D -1
608556 -1 D -1
608557 -1 D -1
608558 -1 D -1
608559 -1 D -1
608560 -1 D -1
608561 -1 D -1
608562 -1 D -1
608563 -1 D -1
608564 -1 D -1
608565 -1 D -1
608566 -1 D -1
608567 -1 D -1
608568 -1 D -1
608569 -1 D -1
608570 -1 D -1
608571 -1 D -1
608572 -1 D -1
608573 -1 D -1
608574 -1 D -1
608575 -1 D -1
608576 -1 D -1
608577 -1 D -1
608578 -1 D -1
608579 -1 D -1
608580 -1 D -1
608581 -1 D -1
608582 -1 D -1
608583 -1 D -1
608584 -1 D -1
608585 -1 D -1
608586 -1 D -1
608587 -1 D -1
608588 -1 D -1
608589 -1 D -1
608590 -1 D -1
608591 -1 D -1
608592 -1 D -1
608593 -1 D -1
608594 -1 D -1
608595 -1 D -1
608596 -1 D -1
608597 -1 D -1
608598 -1 D -1
608599 -1 D -1
608600 -1 D -1
608601 -1 D -1
608602 -1 D -1
608603 -1 D -1
608604 -1 D -1
608605 -1 D -1
608606 -1 D -1
608607 -1 D -1
608608 -1 D -1
608609 -1 D -1
608610 -1 D -1
608611 -1 D -1
608612 -1 D -1
608613 -1 D -1
608614 -1 D -1
608615 -1 D -1
608616 -1 D -1
608617 -1 D -1
608618 -1 D -1
608619 -1 D -1
608620 -1 D -1
608621 -1 D -1
608622 -1 D -1
608623 -1 D -1
608624 -1 D -1
608625 -1 D -1
608626 -1 D -1
608627 -1 D -1
608628 -1 D -1
608629 -1 D -1
608630 -1 D -1
608631 -1 D -1
608632 -1 D -1
608633 -1 D -1
608634 -1 D -1
608635 -1 D -1
608636 -1 D -1
608637 -1 D -1
608638 -1 D -1
608639 -1 D -1
608640 -1 D -1
608641 -1 D -1
608642 -1 D -1
608643 -1 D -1
608644 -1 D -1
608645 -1 D -1
608646 -1 D -1
608647 -1 D -1
608648 -1 D -1
608649 -1 D -1
608650 -1 D -1
608651 -1 D -1
608652 -1 D -1
608653 -1 D -1
608654 -1 D -1
608655 -1 D -1
608656 -1 D -1
608657 -1 D -1
608658 -1 D -1
608659 -1 D -1
608660 -1 D -1
608661 -1 D -1
608662 -1 D -1
608663 -1 D -1
608664 -1 D -1
608665 -1 D -1
608666 -1 D -1
608667 -1 D -1
608668 -1 D -1
608669 -1 D -1
608670 -1 D -1
608671 -1 D -1
608672 -1 D -1
608673 -1 D -1
608674 -1 D -1
608675 -1 D -1
608676 -1 D -1
608677 -1 D -1
608678 -1 D -1
608679 -1 D -1
608680 -1 D -1
608681 -1 D -1
608682 -1 D -1
608683 -1 D -1
608684 -1 D -1
608685 -1 D -1
608686 -1 D -1
608687 -1 D -1
608688 -1 D -1
608689 -1 D -1
608690 -1 D -1
608691 -1 D -1
608692 -1 D -1
608693 -1 D -1
608694 -1 D -1
608695 -1 D -1
608696 -1 D -1
608697 -1 D -1
608699 -1 D -1
608700 -1 D -1
608701 -1 D -1
608702 -1 D -1
608703 -1 D -1
608704 -1 D -1
608705 -1 D -1
608706 -1 D -1
608707 -1 D -1
608708 -1 D -1
608709 -1 D -1
608710 -1 D -1
608711 -1 D -1
608712 -1 D -1
608713 -1 D -1
608714 -1 D -1
608715 -1 D -1
608716 -1 D -1
608717 -1 D -1
608718 -1 D -1
608719 -1 D -1
608720 -1 D -1
608721 -1 D -1
608722 -1 D -1
608723 -1 D -1
608724 -1 D -1
608725 -1 D -1
608726 -1 D -1
608727 -1 D -1
608728 -1 D -1
608729 -1 D -1
608730 -1 D -1
608731 -1 D -1
608732 -1 D -1
608733 -1 D -1
608734 -1 D -1
608735 -1 D -1
608736 -1 D -1
608737 -1 D -1
608738 -1 D -1
608739 -1 D -1
608740 -1 D -1
608741 -1 D -1
608742 -1 D -1
608743 -1 D -1
608744 -1 D -1
608745 -1 D -1
608746 -1 D -1
608747 -1 D -1
608748 -1 D -1
608749 -1 D -1
608750 -1 D -1
608751 -1 D -1
608752 -1 D -1
608753 -1 D -1
608754 -1 D -1
608755 -1 D -1
608756 -1 D -1
608757 -1 D -1
608758 -1 D -1
608759 -1 D -1
608760 -1 D -1
608761 -1 D -1
608762 -1 D -1
608763 -1 D -1
608764 -1 D -1
608765 -1 D -1
608766 -1 D -1
608767 -1 D -1
608768 -1 D -1
608769 -1 D -1
608770 -1 D -1
608771 -1 D -1
608772 -1 D -1
608773 -1 D -1
608774 -1 D -1
608775 -1 D -1
608776 -1 D -1
608777 -1 D -1
608778 -1 D -1
608779 -1 D -1
608780 -1 D -1
608781 -1 D -1
608782 -1 D -1
608783 -1 D -1
608784 -1 D -1
608785 -1 D -1
608786 -1 D -1
608787 -1 D -1
608788 -1 D -1
608789 -1 D -1
608790 -1 D -1
608791 -1 D -1
608792 -1 D -1
608793 -1 D -1
608794 -1 D -1
608795 -1 D -1
608796 -1 D -1
608797 -1 D -1
608798 -1 D -1
608799 -1 D -1
608800 -1 D -1
608801 -1 D -1
608802 -1 D -1
608803 -1 D -1
608804 -1 D -1
608805 -1 D -1
608806 -1 D -1
608807 -1 D -1
608808 -1 D -1
608809 -1 D -1
608810 -1 D -1
608811 -1 D -1
608812 -1 D -1
608813 -1 D -1
608814 -1 D -1
608815 -1 D -1
608816 -1 D -1
608817 -1 D -1
608818 -1 D -1
608819 -1 D -1
608820 -1 D -1
608821 -1 D -1
608822 -1 D -1
608823 -1 D -1
608824 -1 D -1
608825 -1 D -1
608826 -1 D -1
608827 -1 D -1
608828 -1 D -1
608829 -1 D -1
608830 -1 D -1
608831 -1 D -1
608832 -1 D -1
608833 -1 D -1
608834 -1 D -1
608835 -1 D -1
608836 -1 D -1
608837 -1 D -1
608838 -1 D -1
608839 -1 D -1
608840 -1 D -1
608841 -1 D -1
608842 -1 D -1
608843 -1 D -1
608844 -1 D -1
608845 -1 D -1
608846 -1 D -1
608847 -1 D -1
608848 -1 D -1
608849 -1 D -1
608850 -1 D -1
608851 -1 D -1
608852 -1 D -1
608853 -1 D -1
608854 -1 D -1
608855 -1 D -1
608856 -1 D -1
608857 -1 D -1
608858 -1 D -1
608859 -1 D -1
608860 -1 D -1
608861 -1 D -1
608862 -1 D -1
608863 -1 D -1
608864 -1 D -1
608865 -1 D -1
608866 -1 D -1
608867 -1 D -1
608868 -1 D -1
608869 -1 D -1
608870 -1 D -1
608871 -1 D -1
608872 -1 D -1
608873 -1 D -1
608874 -1 D -1
608875 -1 D -1
608876 -1 D -1
608877 -1 D -1
608878 -1 D -1
608879 -1 D -1
608880 -1 D -1
608881 -1 D -1
608882 -1 D -1
608883 -1 D -1
608884 -1 D -1
608885 -1 D -1
608886 -1 D -1
608887 -1 D -1
608888 -1 D -1
608889 -1 D -1
608890 -1 D -1
608891 -1 D -1
608892 -1 D -1
608893 -1 D -1
608894 -1 D -1
608895 -1 D -1
608896 -1 D -1
608897 -1 D -1
608898 -1 D -1
608899 -1 D -1
608900 -1 D -1
608901 -1 D -1
608902 -1 D -1
608903 -1 D -1
608904 -1 D -1
608905 -1 D -1
608906 -1 D -1
608907 -1 D -1
608908 -1 D -1
608909 -1 D -1
608910 -1 D -1
608911 -1 D -1
608912 -1 D -1
608913 -1 D -1
608914 -1 D -1
608915 -1 D -1
608916 -1 D -1
608917 -1 D -1
608918 -1 D -1
608919 -1 D -1
608920 -1 D -1
608921 -1 D -1
608922 -1 D -1
608923 -1 D -1
608924 -1 D -1
608925 -1 D -1
608926 -1 D -1
608927 -1 D -1
608928 -1 D -1
608929 -1 D -1
608930 -1 D -1
608931 -1 D -1
608932 -1 D -1
608933 -1 D -1
608934 -1 D -1
608935 -1 D -1
608936 -1 D -1
608937 -1 D -1
608938 -1 D -1
608939 -1 D -1
608940 -1 D -1
608941 -1 D -1
608942 -1 D -1
608943 -1 D -1
608944 -1 D -1
608945 -1 D -1
608946 0 C -1
608947 -1 D -1
608948 -1 D -1
608949 -1 D -1
608950 -1 D -1
608951 -1 D -1
608952 -1 D -1
608953 -1 D -1
608954 -1 D -1
608955 -1 D -1
608956 -1 D -1
608957 -1 D -1
608958 -1 D -1
608959 -1 D -1
608960 -1 D -1
608961 -1 D -1
608962 -1 D -1
608963 -1 D -1
608964 -1 D -1
608965 -1 D -1
608966 -1 D -1
608967 -1 D -1
608968 -1 D -1
608969 -1 D -1
608970 -1 D -1
608971 -1 D -1
608972 -1 D -1
608973 -1 D -1
608974 -1 D -1
608975 -1 D -1
608976 -1 D -1
608977 -1 D -1
608978 -1 D -1
608979 -1 D -1
608980 -1 D -1
608981 -1 D -1
608982 -1 D -1
608983 -1 D -1
608984 -1 D -1
608985 -1 D -1
608986 -1 D -1
608987 -1 D -1
608988 -1 D -1
608989 -1 D -1
608990 -1 D -1
608991 -1 D -1
608992 -1 D -1
608993 -1 D -1
608994 -1 D -1
608995 -1 D -1
608996 -1 D -1
608997 -1 D -1
608998 -1 D -1
608999 -1 D -1
610602 -1 D -1
622018 0 D 11
627232 -1 D -1
627387 39 D -1
627666 -1 D -1
627679 -1 D -1
627969 -1 D -1
629864 -1 D -1
630400 -1 D -1
631698 -1 D -1
636329 -1 D -1
650402 7 P -1
650441 7 P -1
650442 7 P -1
650443 7 P -1
650444 7 C 11
650452 13 C 11
650453 13 C 11
650542 7 C 11
650543 7 C 11
650544 7 C 11
652150 -1 D 0
652151 23 D 0
652152 4 D 0
652153 6 D 0
652154 18 D 0
652155 39 D 0
652156 13 D 0
652157 7 D 30
652158 -1 D 0
652159 23 D 0
652160 2 D 0
652161 -1 D 2
652162 14 D 0
652163 12 D 0
652164 7 D 0
652165 3 D 2
652166 13 D 2
652167 42 D 2
652168 6 D 0
652169 6 D 2
652170 11 D 0
652171 8 D 0
652172 -1 D 0
652173 11 D 2
652174 20 D 0
652175 32 D 2
652176 8 D 0
652177 0 D 0
652178 -1 D 0
652179 2 D 2
652180 11 D 2
652181 1 D 2
652182 -1 D 2
652183 37 D 0
652184 0 D 2
652185 42 D 0
652186 -1 D 0
652187 31 D 0
652188 -1 D 0
652189 7 D 2
652190 7 D 0
652191 -1 D 0
652192 32 D 2
652193 8 D 2
652194 -1 D 0
652195 -1 D 0
652196 23 D 2
652197 -1 D 0
652198 -1 D 2
652199 -1 D 0
652200 -1 C 0
652201 18 D 2
652202 12 D 2
652203 31 D 2
652204 34 D 2
652205 -1 D 0
652206 -1 D 2
652207 -1 D 2
652208 5 D 2
652209 37 D 2
652210 10 D 2
652211 23 D 2
652212 -1 D 2
652213 6 D 2
652214 8 D 2
652215 12 D 2
652216 3 D 0
652217 3 D 0
652218 3 D 0
652219 3 D 0
652220 23 D 2
652221 -1 C 0
652222 -1 D 2
652223 -1 D 0
652225 -1 C 0
652226 6 D 2
652227 -1 C 0
652228 6 D 0
652229 39 D 2
652230 23 D 2
652231 7 D 2
652232 -1 D 2
652233 -1 D 0
652234 -1 D 2
652235 7 D 2
652236 7 D 2
652237 40 D 2
652238 4 D 2
652239 0 D 2
652240 0 D 2
652241 0 D 2
652242 0 D 2
652243 0 D 2
652244 0 D 2
652245 11 D 2
652246 8 D 2
652247 8 D 2
652248 -1 C 0
652249 -1 C 0
652250 -1 C 0
652251 -1 D 2
652252 -1 D 2
652253 -1 C 0
652254 46 D 2
652255 18 D 2
652256 -1 D 2
652257 -1 D 2
652258 32 D 2
652259 6 D 2
652260 6 D 2
652261 4 D 2
652262 18 D 0
652263 -1 D 2
652264 7 D 2
652265 18 D 2
652266 18 D 0
652267 -1 C 0
652268 19 D 2
652269 -1 D 2
652270 -1 D 2
652271 -1 C 0
652272 -1 D 2
652273 -1 D 2
652274 -1 D 2
652275 -1 D 0
652276 8 D 2
652277 -1 C 0
652278 13 D 2
652279 37 D 2
652280 -1 D 0
652281 2 D 2
652282 -1 D 2
652283 42 D 0
652284 34 D 2
652285 8 D 2
652286 31 D 2
652287 -1 D 2
652288 14 D 0
652289 -1 D 0
652290 -1 D 2
652291 -1 D 2
652292 37 D 0
652293 -1 D 2
652294 0 D 0
652295 0 D 2
652296 -1 D 2
652297 -1 D 0
652298 -1 D 0
652299 0 D 2
652300 0 D 0
652301 0 D 0
652302 0 D 0
652303 0 D 0
652304 0 D 0
652305 0 D 0
652306 12 D 2
652307 35 D 2
652308 -1 D 12
652309 11 D 2
652310 0 D 30
652311 0 D 30
652312 0 D 0
652313 0 D 0
652314 0 D 2
652315 0 D 2
652316 13 D 2
652317 9 D 2
652318 -1 C 0
652319 -1 D 2
652320 0 D 2
652321 -1 D 2
652322 -1 C 0
652323 4 D 2
652324 -1 D 0
652325 -1 D 0
652326 2 D 0
652327 -1 D 2
652328 -1 D 2
652329 40 D 2
652330 -1 D 2
652331 23 D 2
652332 18 D 0
652333 4 D 2
652334 4 D 2
652335 -1 D 2
652336 -1 D 2
652337 -1 D 2
652338 -1 D 2
652339 -1 D 0
652340 -1 D 2
652341 -1 D 0
652342 -1 D 2
652343 -1 D 2
652344 -1 D 2
652345 -1 D 0
652346 -1 D 2
652347 -1 D 2
652348 -1 D 0
652349 -1 D 0
652350 -1 D 2
652351 -1 D 2
652352 -1 D 2
652353 -1 D 2
652354 -1 D 2
652355 -1 D 0
652356 -1 D 0
652357 -1 D 2
652358 -1 D 2
652359 -1 D 30
652360 -1 D 12
652361 -1 D 0
652362 -1 D 2
652363 -1 D 0
652364 -1 D 2
652365 -1 D 0
652366 -1 D 0
652367 -1 D 2
652368 -1 D 0
652369 -1 D 0
652370 -1 D 2
652371 -1 D 2
652372 -1 D 2
652373 -1 D 2
652374 -1 D 2
652375 -1 D 2
652376 -1 D 2
652377 -1 D 2
652378 -1 D 2
652379 -1 D 2
652380 -1 D 0
652381 -1 D 2
652382 -1 D 0
652383 -1 D 2
652384 -1 D 2
652385 -1 D 2
652386 -1 D 0
652387 -1 D 0
652388 -1 D 0
652389 -1 D 0
652400 13 D 2
652401 -1 D 12
652402 -1 D 12
652403 -1 D 12
652404 -1 D 12
652405 -1 D 12
652406 -1 D 0
652407 -1 D 0
652408 -1 D 0
652409 -1 D 12
652410 -1 D 12
652411 -1 D 12
652412 -1 D 12
652413 -1 D 12
652414 -1 D 12
652415 -1 D 12
652416 -1 D 0
652417 -1 D 0
652418 -1 D 0
652485 -1 D 4
652486 -1 D 4
652487 -1 D 4
652494 -1 D 2
652500 3 D 12
652501 18 D 12
652502 6 D 12
652503 34 D 2
652504 2 D 12
652505 23 D 12
652506 12 D 12
652507 4 D 12
652508 11 D 12
652509 -1 D 12
652510 34 D 12
652511 13 D 12
652512 8 D 12
652513 10 D 12
652514 7 D 12
652515 -1 C 0
652516 -1 D 12
652517 -1 C 0
652518 -1 D 12
652519 -1 D 2
652520 19 D 12
652521 -1 D 12
652522 -1 D 12
652523 -1 D 12
652524 -1 D 2
652525 -1 D 12
652550 6 D 12
652558 -1 D 12
652601 -1 C 12
652602 22 D 12
652611 11 C 12
652624 35 C 12
652628 17 D 12
652644 12 D 12
652645 -1 D 12
652646 0 D 12
652683 -1 D 12
652717 3 D 12
652718 18 D 12
652719 6 D 12
652721 2 D 12
652722 23 D 12
652723 12 D 12
652724 4 D 12
652725 11 D 12
652727 34 D 12
652728 13 D 12
652729 8 D 12
652730 10 D 12
652731 7 D 12
652737 19 D 12
652738 -1 D 12
652739 -1 D 12
652740 1 D 12
652743 6 D 12
652754 18 C 12
652756 2 C 12
652758 -1 C 12
652761 3 C 12
652782 0 C 12
652791 0 C 12
652797 0 C 12
652800 34 C 12
652804 18 C 12
652818 -1 D 12
652821 -1 D 12
652823 7 C 12
652831 23 C 12
652842 37 C 12
652847 39 D 12
652850 13 C 2
652851 12 C 2
652852 12 C 12
652853 8 C 2
652854 8 C 12
652855 12 C 2
652856 12 C 12
652857 -1 C 0
652858 8 C 2
652859 8 C 12
652860 18 C 12
652861 2 C 2
652862 2 C 12
652863 12 C 2
652864 -1 C 12
652865 -1 C 2
652866 3 C 2
652867 3 C 12
652868 -1 C 2
652869 -1 C 2
652870 12 C 12
652871 -1 D 0
652872 -1 C 2
652873 -1 C 2
652874 12 C 2
652875 -1 C 12
652876 -1 C 2
652877 6 C 12
652878 8 C 2
652879 34 C 2
652880 -1 C 2
652881 -1 C 12
652882 -1 C 2
652883 3 C 2
652884 6 C 12
652885 6 C 2
652886 8 C 12
652887 8 C 2
652888 0 C 12
652889 0 C 2
652890 12 C 12
652891 0 C 2
652892 -1 C 12
652893 -1 C 2
652894 13 C 12
652895 13 C 12
652896 -1 C 0
652897 0 C 12
652898 0 C 2
652899 -1 C 2
652900 -1 C 12
652901 -1 C 2
652902 0 C 2
652903 -1 C 12
652904 -1 C 2
652905 12 C 2
652906 34 C 12
652907 34 C 0
652908 13 C 2
652909 18 C 2
652910 18 C 12
652915 13 C 2
652916 13 C 11
652917 -1 C 2
652919 -1 C 2
652920 -1 C 2
652921 -1 C 12
652922 -1 C 11
652923 -1 C 11
652924 -1 C 2
652925 -1 C 11
652926 -1 C 11
652927 -1 C 0
652928 -1 C 2
652929 -1 C 12
652930 -1 C 12
652931 -1 C 11
652932 -1 C 11
652933 -1 C 11
652934 -1 C 2
652935 -1 C 11
652936 -1 C 11
652937 -1 C 11
652938 -1 C 2
652939 -1 C 11
652940 -1 C 11
652941 -1 C 11
652942 -1 C 11
652943 -1 C 11
652944 -1 C 2
652945 -1 C 2
652946 -1 C 2
652947 -1 C 12
652948 -1 C 12
652949 -1 C 2
652950 -1 C 2
652951 -1 C 2
652970 -1 C 11
652971 -1 C 2
652972 -1 C 11
652973 -1 C 2
652974 -1 C 2
652975 -1 C 2
652976 -1 C 12
652977 -1 C 2
652978 -1 C 2
652979 -1 C 2
652980 -1 C 2
652981 -1 C 11
652982 -1 C 2
652983 -1 C 2
652984 -1 C 2
652985 -1 C 2
652986 -1 C 12
652987 -1 C 11
652988 -1 C 2
652989 -1 C 2
652990 -1 C 2
652991 -1 C 2
652992 -1 C 2
652993 -1 C 2
652994 -1 C 12
652995 13 C 12
652996 -1 C 2
652997 -1 C 2
652998 -1 C 2
653000 -1 C 2
653001 12 C 2
653002 12 C 12
653003 0 C 2
653004 0 C 2
653006 -1 C 2
653007 -1 C 2
653008 -1 C 12
653009 -1 C 2
653010 -1 C 12
653011 -1 C 11
653012 -1 C 11
653013 -1 C 2
653014 -1 C 12
653015 -1 C 2
653016 -1 C 2
653017 -1 C 12
653018 -1 C 12
653019 -1 C 12
653020 -1 C 11
653021 -1 C 11
653022 -1 C 0
653023 -1 C 12
653024 -1 C 2
653025 -1 C 2
653026 -1 C 2
653027 -1 C 12
653028 -1 C 11
653029 -1 C 11
653030 -1 C 2
653031 -1 C 2
653032 -1 C 12
653033 -1 C 11
653034 -1 C 11
653035 -1 C 2
653036 -1 C 12
653037 -1 C 12
653038 -1 C 2
653039 -1 C 0
653040 -1 C 11
653041 -1 C 2
653042 -1 C 11
653043 -1 C 11
653044 -1 C 11
653045 -1 C 2
653046 -1 C 2
653047 -1 C 2
653048 -1 C 12
653049 -1 C 12
653091 -1 C 0
655281 2 D 2
663748 -1 D -1
665042 -1 D -1
666688 -1 D 4
670600 -1 D -1
670699 -1 D 4
670900 -1 D -1
671234 -1 D 4
677100 -1 D -1
681363 -1 D 4
686117 -1 D -1
687005 -1 D -1
691106 -1 D 4
695047 -1 D -1
815720 10 P 2
817200 -1 D 0
817201 10 D 2
817202 -1 D 0
817203 8 D 30
817204 10 D 2
817205 -1 P 2
817206 -1 P 2
817207 0 D 30
817208 7 D 0
817209 7 D 0
817210 -1 D 0
817211 13 D 2
817212 13 D 0
817213 7 D 0
817214 13 D 0
817215 11 D 0
817216 7 D 0
817217 7 D 0
817218 7 D 0
817219 0 D 0
817220 7 D 0
817221 13 D 0
817222 7 D 0
817223 11 D 0
817224 -1 D 2
817225 11 D 0
817226 -1 D 0
817227 -1 D 2
817228 0 D 30
817229 12 D 30
817230 0 D 30
817231 1 D 30
817232 0 D 2
817233 14 P 1
817234 14 P 1
817235 8 P -1
817236 5 P 1
817237 -1 P 1
817238 10 D 0
817239 -1 D 0
817240 13 D 0
817241 13 D 0
817242 13 D 0
817243 -1 D 0
817244 -1 D 2
817245 21 P 2
817246 10 D 0
817247 19 P 2
817248 7 D 0
817249 13 D 0
817250 14 P 1
817251 0 D 30
817252 3 D 30
817253 -1 C 0
817254 -1 D 30
817255 -1 C 0
817256 -1 D 30
817257 10 D 0
817258 13 D 0
817259 11 D 0
817260 7 D 0
817261 1 P 1
817262 18 D 0
817263 -1 D 0
817264 48 P 1
817265 10 D 0
817266 7 D 0
817267 -1 D 0
817268 1 D 30
817269 0 D 0
817270 -1 D 0
817271 -1 D 0
817272 -1 D 0
817273 -1 P -1
817274 7 D 0
817275 6 D 0
817276 11 D 0
817277 7 D 0
817278 5 P 1
817279 5 P -1
817280 27 D 0
817281 -1 P 2
817282 -1 P 2
817283 18 D 0
817284 19 D 0
817285 -1 D 2
817286 20 P 2
817287 13 D 0
817288 13 D 0
817289 -1 P 2
817290 5 P -1
817291 7 D 0
817292 -1 P 2
817293 13 D 0
817294 13 D 0
817295 31 D 30
817296 10 P 2
817297 -1 D 2
817298 7 D 0
817299 1 P 2
817300 2 D 30
817301 -1 D 0
817302 7 D 0
817303 7 D 0
817304 -1 P 2
817305 37 D 30
817306 18 P 2
817307 21 P 2
817308 4 D 2
817309 11 D 2
817310 18 D 0
817311 -1 D 0
817312 -1 P -1
817313 18 D 0
817314 8 P -1
817315 2 D 0
817316 -1 C 0
817317 14 P -1
817318 20 P -1
817319 20 P -1
817320 0 D 0
817321 -1 C 0
817322 -1 C 0
817323 -1 D 0
817324 -1 C 0
817325 -1 C 0
817326 -1 C 0
817327 -1 C 0
817328 -1 C 0
817329 -1 C 0
817330 -1 C 0
817331 -1 C 0
817332 -1 C 0
817333 10 D 30
817334 -1 P -1
817335 34 D 2
817336 22 P 1
817337 6 D 30
817338 0 D 2
817339 0 D 0
817340 7 D 0
817341 7 D 0
817342 -1 D 30
817343 -1 P 1
817344 -1 C 2
817345 7 D 0
817346 13 D 0
817347 -1 P 2
817348 -1 P 2
817349 -1 C 0
817350 7 D 0
817351 5 P 2
817352 5 P -1
817353 7 D 0
817354 -1 P 2
817355 27 D 0
817356 14 P 1
817357 36 P -1
817358 22 D 2
817359 21 P 1
817360 13 D 0
817361 5 P -1
817362 -1 P -1
817363 7 D 0
817364 -1 D 2
817365 -1 P -1
817366 -1 D 0
817367 7 D 0
817368 14 P -1
817369 14 P 1
817370 14 P 1
817371 3 D 30
817372 -1 D 2
817373 5 P 1
817374 40 D 0
817375 -1 D 30
817376 11 D 0
817377 -1 D 30
817378 21 P 1
817379 14 P -1
817380 -1 P -1
817381 7 D 0
817382 0 D 2
817383 10 P 2
817384 7 P 2
817385 7 D 0
817386 -1 P 2
817387 42 D 0
817388 18 P 2
817389 10 P -1
817390 14 P -1
817391 -1 P 2
817392 -1 P 2
817393 19 D 0
817394 5 P 2
817395 13 D 0
817396 -1 C 0
817397 10 D 0
817398 39 D 2
817399 18 P 2
817400 13 D 0
817401 13 D 0
817402 11 D 0
817403 18 D 0
817404 11 D 0
817405 10 D 0
817406 0 D 30
817407 0 D 2
817408 0 D 0
817409 0 D 0
817410 0 D 30
817411 13 D 0
817412 6 D 2
817413 0 P 2
817414 0 P 2
817415 7 D 0
817416 19 D 0
817417 -1 P 2
817418 10 D 0
817419 -1 P -1
817420 13 P -1
817421 21 P -1
817422 -1 D 2
817423 13 P 2
817424 34 D 0
817425 21 P 2
817426 -1 C 0
817427 10 P 2
817428 0 P -1
817429 -1 P 2
817430 0 P -1
817431 -1 P 2
817432 11 D 0
817433 10 P -1
817434 10 P -1
817435 14 P -1
817436 14 P -1
817437 14 P -1
817438 13 D 0
817439 -1 P -1
817440 11 D 0
817441 5 P -1
817442 10 P -1
817443 10 P 2
817444 14 P -1
817445 10 P -1
817446 13 D 2
817447 11 D 0
817448 11 D 0
817449 7 D 0
817450 -1 P 2
817451 -1 P 2
817452 19 D 0
817453 0 P -1
817454 -1 D 0
817455 13 D 0
817456 -1 P 2
817457 -1 P -1
817458 -1 D 0
817459 -1 D 0
817460 -1 D 0
817461 -1 D 0
817462 -1 P -1
817463 -1 P 2
817464 -1 D 0
817465 -1 D 0
817466 7 D 0
817467 -1 D 2
817468 -1 D 30
817469 10 P -1
817470 -1 D 30
817471 14 P 2
817472 14 P -1
817473 11 D 0
817474 10 P -1
817475 -1 P 2
817476 4 D 0
817477 -1 D 0
817478 -1 P -1
817479 -1 P -1
817480 34 D 2
817481 23 P -1
817482 23 P -1
817483 7 D 0
817484 18 D 0
817485 21 P -1
817486 21 P 2
817487 11 D 0
817488 0 D 0
817489 21 P 2
817490 21 P -1
817491 11 D 0
817492 -1 D 0
817493 -1 D 2
817494 -1 P -1
817495 -1 P -1
817496 -1 P -1
817497 -1 P -1
817498 -1 P -1
817499 14 P 2
817500 7 D 0
817501 -1 P 2
817502 -1 D 0
817503 -1 D 0
817504 -1 P -1
817505 -1 D 2
817506 7 P 2
817507 0 D 0
817508 -1 P 2
817509 6 D 30
817510 -1 P -1
817511 -1 D 0
817512 13 D 2
817513 -1 D 30
817514 7 D 0
817515 11 D 0
817516 13 D 2
817517 5 P 2
817518 7 D 0
817519 -1 D 0
817520 10 P 2
817521 -1 P 2
817522 -1 P 2
817523 13 D 2
817524 10 D 0
817525 -1 D 2
817526 15 P 2
817527 -1 P 2
817528 -1 P -1
817529 -1 P -1
817530 11 P 2
817531 21 P -1
817532 10 D 2
817533 7 D 0
817534 22 P 2
817535 -1 D 0
817536 7 D 0
817537 -1 D 0
817538 -1 D 0
817539 -1 D 0
817540 -1 D 0
817541 11 D 0
817542 13 D 2
817543 10 P -1
817544 -1 P 2
817545 14 P -1
817546 14 P -1
817547 14 P -1
817548 11 P -1
817549 -1 D 0
817550 -1 D 0
817551 35 P -1
817552 18 D 0
817553 27 D 2
817554 27 D 0
817555 11 D 2
817556 13 D 0
817557 -1 D 0
817558 -1 D 0
817559 7 D 0
817560 11 D 0
817561 -1 P -1
817562 -1 P 2
817563 -1 D 30
817564 -1 D 0
817565 -1 D 0
817566 10 D 0
817567 23 D 2
817568 -1 D 2
817569 -1 D 0
817570 4 D 0
817571 7 P 2
817572 -1 D 0
817573 -1 P 2
817574 23 D 0
817575 6 D 0
817576 6 D 0
817577 13 D 2
817578 6 D 0
817579 4 D 0
817580 19 D 0
817581 13 D 2
817582 19 D 0
817583 10 D 0
817584 -1 D 0
817585 11 D 2
817586 6 D 0
817587 -1 D 0
817588 -1 D 2
817589 10 D 0
817590 14 D 30
817591 -1 P 2
817592 -1 D 0
817593 13 D 0
817594 18 D 0
817595 -1 D 0
817596 -1 D 2
817597 -1 P 2
817598 -1 D 0
817599 6 D 0
817600 21 P 2
817601 -1 D 0
817602 13 D 0
817603 -1 P 2
817604 18 D 0
817605 7 D 0
817606 4 D 30
817607 0 D 2
817608 13 D 2
817609 -1 P 2
817610 7 D 0
817611 -1 D 0
817612 -1 D 0
817613 7 D 0
817614 -1 D 0
817615 19 D 0
817616 11 D 0
817617 23 C 2
817618 23 C 2
817619 7 D 0
817620 13 D 0
817621 -1 D 30
817622 -1 D 0
817623 7 D 0
817624 15 D 2
817625 11 D 0
817626 -1 D 0
817627 4 D 2
817628 7 D 0
817629 10 D 0
817630 11 D 0
817631 13 D 0
817632 -1 D 0
817633 -1 D 0
817634 -1 D 0
817635 13 D 0
817636 -1 D 0
817637 9 D 0
817638 7 D 0
817639 -1 D 0
817640 -1 D 0
817641 7 D 0
817642 13 D 2
817643 0 D 0
817644 4 D 0
817645 4 D 0
817646 -1 D 30
817647 -1 D 0
817648 -1 D 0
817649 16 D 0
817650 -1 D 0
817651 -1 D 0
817652 13 D 2
817653 -1 D 0
817654 -1 D 2
817655 6 D 0
817656 10 D 2
817657 -1 D 0
817658 -1 D 0
817659 -1 D 0
817660 -1 D 0
817661 -1 D 0
817662 -1 D 0
817663 46 D 30
817664 -1 D 2
817665 21 D 2
817666 -1 D 0
817667 20 D 0
817668 -1 D 0
817669 -1 D 0
817670 -1 D 0
817671 13 D 2
817672 27 D 12
817673 -1 D 0
817674 11 D 2
817675 -1 D 0
817676 -1 D 0
817677 -1 D 0
817678 6 C -1
817679 6 C -1
817680 8 D 0
817681 11 D 2
817682 -1 D 0
817683 -1 D 0
817684 -1 D 0
817685 -1 D 0
817686 -1 D 0
817687 -1 D 0
817688 -1 D 0
817689 -1 D 0
817690 -1 D 0
817691 0 D 0
817692 -1 D 0
817693 -1 D 0
817694 -1 D 0
817695 -1 D 0
817696 -1 D 0
817697 -1 D 0
817698 -1 D 0
817699 -1 D 0
817700 -1 D 0
817701 -1 D 0
817702 -1 D 0
817703 -1 D 0
817704 16 D 2
817705 -1 D 0
817706 -1 D 0
817707 -1 D 0
817708 -1 D 0
817709 -1 D 0
817710 -1 D 0
817711 -1 D 0
817712 -1 D 0
817713 -1 D 0
817714 -1 D 0
817715 -1 D 0
817716 -1 D 0
817717 -1 D 0
817718 -1 D 0
817719 -1 D 0
817720 -1 D 0
817721 -1 D 0
817722 -1 D 0
817723 -1 D 0
817724 -1 D 0
817725 -1 D 0
817726 -1 D 0
817727 -1 D 0
817728 -1 D 0
817729 -1 D 0
817730 -1 D 0
817731 -1 D 0
817732 -1 D 0
817733 -1 D 0
817734 -1 D 0
817735 -1 D 0
817736 -1 D 0
817737 -1 D 0
817738 -1 D 0
817739 -1 D 0
817740 -1 D 0
817741 -1 D 0
817742 -1 D 0
817743 -1 D 0
817744 -1 D 0
817745 -1 D 0
817746 -1 D 0
817747 -1 D 0
817748 -1 D 0
817749 -1 D 0
817750 -1 D 0
817751 -1 D 0
817752 -1 D 0
817753 -1 D 0
817754 -1 D 0
817755 -1 D 0
817756 -1 D 0
817757 -1 D 0
817758 -1 D 0
817759 -1 D 0
817760 -1 D 0
817761 -1 D 0
817762 -1 D 0
817763 -1 D 0
817764 -1 D 0
817765 -1 D 0
817766 -1 D 0
817767 -1 D 0
817768 -1 D 0
817769 -1 D 0
817770 -1 D 0
817771 -1 D 0
817772 -1 D 0
817773 -1 D 0
817774 -1 D 0
817775 -1 D 0
817776 -1 D 0
817777 -1 D 0
817778 -1 D 0
817779 -1 D 0
817780 -1 D 0
817781 -1 D 0
817782 -1 D 0
817783 -1 D 0
817784 -1 D 0
817785 -1 D 0
817786 -1 D 0
817787 -1 D 0
817788 -1 D 0
817789 -1 D 0
817790 -1 D 0
817791 -1 D 0
817792 -1 D 0
817793 -1 D 0
817794 -1 D 0
817795 -1 D 0
817796 -1 D 0
817797 -1 D 0
817798 -1 D 0
817799 -1 D 0
817800 -1 D 0
817801 -1 D 0
817802 1 D 0
817803 -1 D 0
817804 -1 D 0
817805 -1 D 0
817806 -1 D 0
817807 -1 D 0
817808 -1 D 0
817809 -1 D 0
817810 -1 D 0
817811 -1 D 0
817812 -1 D 0
817813 -1 D 0
817814 -1 D 0
817815 -1 D 0
817816 -1 D 0
817817 -1 D 0
817818 -1 D 0
817819 -1 D 0
817820 -1 D 0
817821 -1 D 0
817822 -1 D 0
817823 -1 D 0
817824 -1 D 0
817825 -1 D 0
817826 -1 D 0
817827 -1 D 0
817828 -1 D 0
817829 -1 D 0
817830 -1 D 0
817831 -1 D 0
817832 -1 D 0
817833 -1 D 0
817834 -1 D 0
817835 -1 D 0
817836 -1 D 0
817837 -1 D 0
817838 -1 D 0
817839 -1 D 0
817840 -1 D 0
817841 -1 D 0
817842 -1 D 0
817843 -1 D 0
817844 -1 D 0
817845 -1 D 0
817846 -1 D 0
817847 -1 D 0
817848 -1 D 0
817849 -1 D 0
817850 -1 D 0
817851 -1 D 0
817852 -1 D 0
817853 -1 D 0
817854 -1 D 0
817855 -1 D 0
817856 -1 D 0
817857 -1 D 0
817858 -1 D 0
817859 -1 D 0
817860 -1 C 2
817861 -1 C 2
817862 -1 C 2
817863 -1 D 0
817864 -1 D 0
817865 -1 D 0
817866 -1 D 0
817867 -1 D 0
817868 -1 D 0
817869 -1 D 0
817870 -1 D 0
817871 -1 D 0
817872 -1 D 0
817873 -1 D 0
817874 -1 D 0
817875 -1 D 0
817876 -1 D 0
817877 -1 D 0
817878 -1 D 0
817879 -1 D 0
817880 -1 D 0
817881 -1 D 0
817882 -1 D 0
817883 -1 D 0
817884 -1 D 0
817885 -1 D 0
817886 -1 D 0
817887 -1 D 0
817888 -1 D 0
817889 -1 D 0
817890 -1 D 0
817891 -1 D 0
817892 -1 D 0
817893 -1 D 0
817894 -1 D 0
817895 -1 D 0
817896 -1 D 0
817897 -1 D 0
817898 -1 D 0
817899 -1 D 0
817900 -1 D 0
817901 -1 D 0
817902 -1 D 0
817903 -1 D 0
817904 -1 D 0
817905 -1 D 0
817906 -1 D 0
817907 -1 D 0
817908 -1 D 0
817909 -1 D 0
817910 -1 D 0
817911 -1 D 0
817912 -1 D 0
817913 -1 D 0
817914 -1 D 0
817915 -1 D 0
817916 -1 D 0
817917 -1 D 0
817918 -1 D 0
817919 -1 D 0
817920 -1 D 0
817921 -1 D 0
817922 -1 D 0
817923 -1 D 0
817924 -1 D 0
817925 -1 D 0
817926 -1 D 0
817927 -1 D 0
817928 -1 D 0
817929 -1 D 0
817930 -1 D 0
817931 -1 D 0
817932 -1 D 0
817933 -1 D 0
817934 -1 D 0
817935 -1 D 0
817936 -1 D 0
817937 -1 D 0
817938 -1 D 0
817939 -1 D 0
817940 -1 D 0
817941 -1 D 0
817942 -1 D 0
817943 -1 D 0
817944 -1 D 0
817945 -1 D 0
817946 -1 D 0
817947 -1 D 0
817948 -1 D 0
817949 -1 D 0
817950 -1 D 0
817951 -1 D 0
817952 -1 D 0
817953 -1 D 0
817954 -1 D 0
817955 -1 D 0
817956 -1 D 0
817957 -1 D 0
817958 -1 D 0
817959 -1 D 0
817960 -1 D 0
817961 -1 D 0
817962 -1 D 0
817963 -1 D 0
817964 -1 D 0
817965 -1 D 0
817966 -1 D 0
817967 -1 D 0
817968 -1 D 0
817969 -1 D 0
817970 -1 D 0
817971 -1 D 0
817972 -1 D 0
817973 -1 D 0
817974 -1 D 0
817975 -1 D 0
817976 -1 D 0
817977 -1 D 0
817978 -1 D 0
817979 -1 D 0
817980 -1 D 0
817981 -1 D 0
817982 -1 D 0
817983 -1 D 0
817984 -1 D 0
817985 -1 D 0
817986 -1 D 0
817987 -1 D 0
817988 -1 D 0
817989 -1 D 0
817990 -1 D 0
817991 -1 D 0
817992 -1 D 0
817993 -1 D 0
817994 -1 D 0
817995 -1 D 0
817996 -1 D 0
817997 -1 D 0
817998 -1 D 0
817999 -1 D 0
818000 -1 D 0
818001 -1 D 0
818002 -1 D 0
818003 -1 D 0
818004 -1 D 0
818005 -1 D 0
818006 -1 D 0
818007 -1 D 0
818008 -1 D 0
818009 -1 D 0
818010 -1 D 0
818011 -1 D 0
818012 -1 D 0
818013 -1 D 0
818014 -1 P -1
818015 -1 P 2
818016 -1 P 2
818017 7 P 2
818018 10 P 2
818019 -1 P 2
818020 13 P -1
818021 -1 P 2
818022 11 P -1
818023 4 P -1
818024 7 P 2
818025 -1 P 2
818026 -1 P 2
818027 -1 P 2
818028 7 P 2
818029 10 P 2
818030 -1 P 2
818031 -1 P 2
818032 48 P -1
818033 -1 P 2
818034 -1 P 2
818035 -1 P 2
818036 -1 P 2
818037 -1 P 2
818038 -1 P 2
818039 -1 P 2
818040 -1 C 0
818041 23 P -1
818042 -1 P -1
818043 -1 P 2
818044 -1 P 2
818045 -1 P 2
818046 6 P -1
818047 -1 P 2
818048 -1 P 2
818049 -1 P 2
818050 -1 P 2
818051 -1 P 2
818052 -1 P 2
818053 -1 P 2
818054 -1 P 2
818055 -1 P 2
818056 -1 P 2
818057 -1 P 2
818058 48 P 2
818059 48 P 2
818060 -1 P 2
818061 -1 P 2
818062 -1 P 2
818063 -1 P 2
818064 -1 P 2
818065 -1 P 2
818066 -1 P 2
818067 -1 P 2
818068 13 P 2
818069 -1 P 2
818070 -1 P 2
818071 -1 P 2
818072 -1 P 2
818073 -1 P 2
818074 -1 P 2
818075 -1 P 2
818076 -1 P 2
818077 -1 P 2
818078 -1 P 2
818079 -1 P 2
818080 -1 P 2
818081 -1 P 2
818082 -1 P 2
818083 -1 P 2
818084 -1 P 2
818085 -1 P 2
818086 -1 P 2
818087 -1 P 2
818088 -1 P 2
818089 -1 P 2
818090 -1 P 2
818091 -1 P 2
818092 -1 P 2
818093 -1 P 2
818094 -1 P 2
818095 -1 P 2
818096 -1 P 2
818097 -1 P 2
818098 -1 P 2
818099 -1 P 2
818100 -1 P 2
818101 -1 P 2
818102 -1 P 2
818103 -1 P 2
818104 -1 P 2
818105 -1 P 2
818106 -1 P 2
818107 -1 P 2
818108 -1 P 2
818109 -1 P 2
818110 -1 P 2
818111 -1 P 2
818112 -1 P 2
818113 -1 P 2
818114 -1 P 2
818115 -1 P 2
818116 -1 P 2
818117 -1 P 2
818118 -1 P 2
818119 -1 P 2
818120 -1 P 2
818121 -1 P 2
818122 -1 P 2
818123 -1 P 2
818124 -1 P 2
818125 -1 P 2
818126 -1 P 2
818127 -1 P 2
818128 -1 P 2
818129 -1 P 2
818130 -1 P 2
818131 -1 P 2
818132 -1 P 2
818133 -1 P 2
818134 -1 P 2
818135 -1 P 2
818136 -1 P 2
818137 -1 P 2
818138 -1 P 2
818139 -1 P 2
818140 -1 P 2
818141 -1 P 2
818142 -1 P 2
818143 -1 P 2
818144 -1 P 2
818145 -1 P 2
818146 -1 P 2
818147 -1 P 2
818148 -1 P 2
818149 -1 P 2
818150 -1 P 2
818151 -1 P 2
818152 -1 P 2
818153 -1 P 2
818154 -1 P 2
818155 -1 P 2
818156 -1 P 2
818157 -1 P 2
818158 -1 P 2
818159 -1 P 2
818160 -1 P 2
818161 -1 P 2
818162 -1 P 2
818163 -1 P 2
818164 -1 P 2
818165 -1 P 2
818166 -1 P 2
818167 -1 P 2
818168 -1 P 2
818169 -1 P 2
818170 -1 P 2
818171 -1 P 2
818172 -1 P 2
818173 -1 P 2
818174 -1 P 2
818175 -1 P 2
818176 -1 P 2
818177 -1 P 2
818178 -1 P 2
818179 -1 P 2
818180 -1 P 2
818181 -1 P 2
818182 -1 P 2
818183 -1 P 2
818184 -1 P 2
818185 -1 P 2
818186 -1 P 2
818187 -1 P 2
818188 -1 P 2
818189 -1 P 2
818190 -1 P 2
818191 -1 P 2
818192 -1 P 2
818193 -1 P 2
818194 -1 P 2
818195 -1 P 2
818196 -1 P 2
818197 -1 P 2
818198 -1 P 2
818199 -1 P 2
818200 7 D 0
818201 7 D 0
818202 7 P -1
818203 7 P 46
818204 7 P 1
818205 -1 C 0
818206 7 P 2
818207 7 P -1
818208 7 P 1
818209 7 P 1
818210 7 P -1
818211 7 P -1
818212 7 P -1
818213 7 P 2
818214 20 P 1
818215 20 P 1
818216 20 D 0
818217 20 P 1
818218 20 P 1
818219 20 P 1
818220 20 P 1
818221 20 P 2
818222 3 D 0
818223 3 D 2
818224 3 D 30
818225 3 D 0
818226 13 D 0
818227 13 D 0
818228 13 D 2
818229 13 D 30
818230 13 D 30
818231 13 P 1
818232 13 P -1
818233 13 P -1
818234 13 P 1
818235 13 P 1
818236 13 P 1
818237 13 P 2
818238 0 D 0
818239 0 D 0
818240 0 D 2
818241 0 D 2
818242 0 D 30
818243 0 P -1
818244 0 P 2
818245 0 P -1
818246 0 P 1
818247 0 P -1
818248 0 P 1
818249 31 D 0
818250 31 D 2
818251 31 D 30
818252 31 P 1
818253 31 P 1
818254 -1 P -1
818255 -1 P 1
818256 -1 D 2
818257 23 D 0
818258 23 D 2
818259 23 D 30
818260 23 D 0
818261 23 P 1
818262 23 D 0
818263 23 D 0
818264 23 D 30
818265 23 D 30
818266 23 D 2
818267 23 D 0
818268 23 D 0
818269 23 D 2
818270 23 D 30
818271 37 D 0
818272 37 D 2
818273 37 D 30
818274 37 P -1
818275 8 D 0
818276 8 D 2
818277 8 D 30
818278 8 P -1
818279 8 P 1
818280 8 P -1
818281 8 D 0
818282 8 D 2
818283 42 D 0
818284 42 D 30
818285 42 P -1
818286 42 D 0
818287 36 D 2
818288 36 P -1
818289 36 P -1
818290 -1 D 2
818291 -1 P -1
818292 -1 P 2
818293 -1 P 2
818294 -1 P -1
818295 12 D 0
818296 12 D 2
818297 12 D 30
818298 12 P -1
818299 12 P -1
818300 12 P 1
818301 12 D 0
818302 12 D 0
818303 12 D 2
818304 12 D 30
818305 12 D 0
818306 12 D 2
818307 12 D 30
818308 12 D 0
818309 12 P -1
818310 12 P -1
818311 12 P -1
818312 6 D 0
818313 6 D 2
818314 6 D 30
818315 6 P -1
818316 6 D 2
818317 6 P -1
818318 6 P -1
818319 6 C 0
818320 4 D 0
818321 4 D 30
818322 4 P 1
818323 4 D 0
818324 14 D 0
818325 14 P 1
818326 -1 D 0
818327 -1 D 2
818328 14 P 1
818329 14 P 1
818330 14 P 1
818331 14 P 2
818332 14 P 1
818333 -1 D 0
818334 -1 D 2
818335 13 D 0
818336 13 D 2
818337 13 D 0
818338 13 D 0
818339 11 D 0
818340 10 D 0
818341 10 D 0
818342 3 D 0
818343 3 D 0
818344 13 D 0
818345 13 D 0
818346 18 D 0
818347 11 D 0
818348 11 D 0
818349 11 D 0
818350 11 D 0
818351 11 D 0
818352 7 D 0
818353 10 D 0
818354 -1 D 0
818355 -1 D 2
818356 3 D 0
818357 3 D 30
818358 6 D 0
818359 6 D 2
818360 6 D 30
818361 -1 D 0
818362 13 D 0
818363 13 D 0
818364 11 D 0
818365 11 D 0
818366 11 D 0
818367 11 D 0
818368 0 D 0
818369 0 D 2
818370 0 D 30
818371 0 D 0
818372 -1 D 0
818373 -1 D 0
818374 7 D 0
818375 10 D 0
818376 10 D 30
818377 13 D 0
818378 11 D 0
818379 19 D 0
818380 -1 D 0
818381 8 D 0
818382 8 D 0
818383 35 D 0
818384 35 D 2
818385 13 D 0
818386 13 D 0
818387 13 D 0
818388 18 D 0
818389 11 D 0
818390 11 D 0
818391 -1 D 0
818392 -1 D 0
818393 10 D 0
818394 38 D 0
818395 38 D 0
818396 -1 D 0
818397 8 D 0
818398 39 D 0
818399 39 D 2
818400 39 P -1
818401 39 D 0
818402 -1 D 0
818403 -1 D 2
818404 23 D 0
818405 23 D 30
818406 23 D 0
818407 23 D 0
818408 23 D 0
818409 23 D 0
818410 3 D 0
818411 18 D 0
818412 18 D 0
818413 23 D 0
818414 -1 D 0
818415 7 D 0
818416 7 D 0
818417 7 D 0
818418 -1 D 0
818419 10 D 0
818420 -1 D 0
818421 13 D 0
818422 13 D 0
818423 13 D 0
818424 13 D 0
818425 13 D 0
818426 18 D 0
818427 11 D 0
818428 11 D 0
818429 11 D 0
818430 11 D 0
818431 7 D 0
818432 -1 D 0
818433 10 D 0
818434 10 D 2
818435 11 D 0
818436 7 D 0
818437 10 D 0
818438 45 D 0
818439 45 D 2
818440 2 D 0
818441 2 D 30
818442 2 P -1
818443 2 D 0
818444 18 D 0
818445 11 D 0
818446 12 D 0
818447 12 D 30
818448 7 D 0
818449 10 D 0
818450 3 D 0
818451 -1 D 0
818452 13 D 0
818453 13 D 2
818454 13 D 0
818455 13 D 0
818456 18 D 0
818457 0 D 0
818458 0 D 2
818459 7 D 0
818460 7 D 0
818461 7 D 0
818462 22 D 0
818463 22 D 2
818464 22 D 2
818465 22 D 30
818466 22 D 2
818467 22 P 2
818468 22 P 1
818469 -1 D 0
818470 -1 D 0
818471 -1 D 2
818472 -1 D 0
818473 -1 D 30
818474 -1 P 2
818475 -1 P 1
818476 -1 P 1
818477 13 D 0
818478 13 D 0
818479 0 D 0
818480 3 D 0
818481 18 D 0
818482 -1 D 0
818483 -1 D 0
818484 8 D 0
818485 4 D 0
818486 7 D 0
818487 7 D 0
818488 -1 D 0
818489 10 D 0
818490 -1 P 1
818491 -1 D 0
818492 -1 D 30
818493 32 D 0
818494 32 D 30
818495 32 P 2
818496 32 P 1
818497 32 P 2
818498 3 D 0
818499 -1 D 0
818500 13 D 0
818501 11 D 0
818502 0 D 0
818503 7 D 0
818504 9 D 30
818505 9 D 0
818506 13 D 0
818507 11 D 0
818508 11 D 0
818509 11 D 0
818510 11 D 0
818511 11 D 0
818512 11 D 0
818513 11 D 0
818514 -1 D 0
818515 -1 D 0
818516 -1 D 2
818517 13 D 0
818518 11 D 0
818519 -1 D 0
818520 -1 P 2
818521 -1 P 2
818522 -1 P -1
818523 5 P -1
818524 5 P 1
818525 0 D 0
818526 15 D 0
818527 15 D 2
818528 15 P 2
818529 46 D 0
818530 46 D 2
818531 18 D 0
818532 11 D 0
818533 11 D 0
818534 -1 P 2
818535 0 D 0
818536 -1 D 0
818537 -1 D 2
818538 -1 P 2
818539 13 D 0
818540 13 D 2
818541 48 D 0
818542 48 D 2
818543 48 P 1
818544 13 D 0
818545 18 D 0
818546 11 D 0
818547 11 D 0
818548 11 D 0
818549 11 D 0
818550 25 P 1
818551 -1 D 0
818552 -1 D 2
818553 -1 D 2
818554 7 D 0
818555 18 D 0
818556 11 D 0
818557 7 D 0
818558 3 D 0
818559 19 D 0
818560 7 D 0
818561 10 D 0
818562 13 D 0
818563 13 D 0
818564 11 D 0
818565 8 D 0
818566 8 D 30
818567 -1 D 0
818568 11 D 0
818569 11 D 2
818570 11 D 30
818571 11 P 1
818572 11 P -1
818573 11 P 46
818574 18 D 0
818575 18 D 2
818576 18 D 30
818577 18 P -1
818578 18 P 2
818579 -1 D 0
818580 -1 D 2
818581 -1 P 2
818582 -1 P 1
818583 -1 P 2
818584 -1 P 1
818585 -1 P 1
818586 -1 P 2
818587 -1 P 1
818588 -1 D 0
818589 7 D 0
818590 10 D 0
818591 49 D 0
818592 8 D 0
818593 5 P 1
818594 34 D 0
818595 34 D 2
818596 34 D 30
818597 34 P -1
818598 3 D 0
818599 13 D 0
818600 11 D 0
818601 11 D 0
818602 11 D 0
818603 11 D 0
818604 39 D 0
818605 7 D 0
818606 10 D 0
818607 13 D 0
818608 13 D 0
818609 13 D 0
818610 13 D 2
818611 13 D 0
818612 11 D 0
818613 11 D 0
818614 -1 D 0
818615 -1 D 30
818616 7 D 0
818617 -1 D 0
818618 19 D 0
818619 19 P -1
818620 19 P 2
818621 13 D 0
818622 13 D 0
818623 13 D 0
818624 18 D 0
818625 18 D 0
818626 11 D 0
818627 -1 D 0
818628 -1 D 2
818629 -1 D 0
818630 -1 D 2
818631 -1 D 0
818632 -1 D 2
818633 0 D 0
818634 -1 D 0
818635 7 D 0
818636 7 D 0
818637 7 D 0
818638 3 D 0
818639 3 D 0
818640 3 D 0
818641 13 D 0
818642 13 D 0
818643 18 D 0
818644 18 D 0
818645 0 D 0
818646 0 D 30
818647 0 D 2
818648 10 D 0
818649 11 D 0
818650 11 D 0
818651 11 D 0
818652 11 D 0
818653 11 D 0
818654 11 D 0
818655 11 D 0
818656 11 D 0
818657 11 D 0
818658 11 D 0
818659 11 D 0
818660 11 D 0
818661 11 D 0
818662 11 D 0
818663 11 D 0
818664 11 D 0
818665 11 D 0
818666 11 D 0
818667 11 D 0
818668 11 D 0
818669 11 D 0
818670 11 D 0
818671 11 D 0
818672 11 D 0
818673 11 D 0
818674 11 D 0
818675 11 D 0
818676 11 D 0
818677 11 D 0
818678 11 D 0
818679 11 D 0
818680 11 D 0
818681 11 D 0
818682 7 D 0
818683 7 D 0
818684 7 D 0
818685 7 D 0
818686 7 D 0
818687 7 D 0
818688 13 D 0
818689 13 D 0
818690 13 D 0
818691 18 D 0
818692 10 D 0
818693 10 D 0
818694 6 D 0
818695 6 D 2
818696 6 D 0
818697 6 D 2
818698 6 D 30
818699 6 D 0
818700 6 D 0
818701 6 D 0
818702 13 D 0
818703 13 D 0
818704 13 D 0
818705 18 D 0
818706 18 D 0
818707 11 D 0
818708 11 D 0
818709 11 D 0
818710 -1 D 0
818711 -1 D 2
818712 40 D 0
818713 40 D 30
818714 40 D 0
818715 -1 D 0
818716 -1 D 0
818717 25 D 0
818718 25 D 0
818719 25 D 30
818720 25 P 1
818721 -1 D 0
818722 7 D 0
818723 10 D 0
818724 10 D 2
818725 13 D 2
818726 18 D 0
818727 18 D 0
818728 -1 D 0
818729 13 D 0
818730 13 D 0
818731 18 D 0
818732 18 D 0
818733 18 D 0
818734 11 D 0
818735 13 D 0
818736 11 D 0
818737 11 D 0
818738 0 D 0
818739 10 D 0
818740 -1 P -1
818741 -1 P 1
818742 18 D 0
818743 11 D 0
818744 7 D 0
818745 10 D 0
818746 1 D 0
818747 1 D 30
818748 13 D 0
818749 13 D 0
818750 13 D 0
818751 13 D 0
818752 13 D 0
818753 18 D 0
818754 11 D 0
818755 11 D 0
818756 11 D 0
818757 11 D 0
818758 11 D 0
818759 39 D 0
818760 39 D 2
818761 39 D 30
818762 8 D 0
818763 0 D 0
818764 0 D 30
818765 0 D 0
818766 -1 D 0
818767 7 D 0
818768 -1 D 0
818769 10 D 0
818770 13 D 0
818771 13 D 0
818772 13 D 0
818773 18 D 0
818774 11 D 0
818775 11 D 0
818776 11 D 0
818777 11 D 0
818778 11 D 0
818779 11 D 0
818780 11 D 0
818781 -1 D 0
818782 -1 D 0
818783 -1 D 2
818784 0 D 0
818785 0 D 30
818786 0 D 0
818787 0 D 2
818788 0 D 30
818789 -1 D 0
818790 7 D 0
818791 -1 D 0
818792 -1 D 0
818793 10 D 0
818794 10 D 0
818795 3 D 0
818796 3 D 30
818797 3 D 0
818798 13 D 0
818799 13 D 0
818800 13 D 0
818801 13 D 0
818802 13 D 0
818803 13 D 0
818804 13 D 0
818805 13 D 0
818806 18 D 0
818807 18 D 0
818808 18 D 0
818809 18 D 0
818810 18 D 0
818811 18 D 0
818812 11 D 0
818813 11 D 2
818814 11 D 0
818815 11 D 0
818816 11 D 0
818817 11 D 0
818818 44 D 0
818819 44 D 2
818820 -1 D 2
818821 -1 D 0
818822 21 D 2
818823 21 P 1
818824 21 P 2
818825 21 P 2
818826 -1 D 0
818827 0 D 0
818828 0 D 0
818829 -1 D 0
818830 7 D 0
818831 7 D 0
818832 7 D 0
818833 7 D 0
818834 -1 D 0
818835 10 D 0
818836 10 D 0
818837 1 D 0
818838 13 D 0
818839 13 D 0
818840 13 D 0
818841 18 D 0
818842 18 D 0
818843 11 D 0
818844 11 D 0
818845 11 D 0
818846 34 D 0
818847 34 D 2
818848 34 D 30
818849 37 D 0
818850 37 D 30
818851 37 D 0
818852 -1 D 0
818853 -1 D 0
818854 4 D 0
818855 4 D 2
818856 7 D 0
818857 14 P -1
818858 13 D 0
818859 13 D 2
818860 13 D 0
818861 13 D 0
818862 13 D 0
818863 13 D 2
818864 13 D 0
818865 13 D 0
818866 13 D 0
818867 13 D 0
818868 13 D 0
818869 18 D 0
818870 18 D 0
818871 18 D 0
818872 11 D 0
818873 11 D 0
818874 11 D 0
818875 11 D 0
818876 11 D 0
818877 11 D 0
818878 11 D 0
818879 11 D 0
818880 11 D 0
818881 34 D 0
818882 14 P 1
818883 14 P -1
818884 14 P 1
818885 -1 C 0
818886 -1 D 0
818887 8 D 0
818888 8 D 30
818889 8 D 0
818890 7 D 0
818891 14 P 1
818892 7 D 0
818893 -1 D 0
818894 10 D 0
818895 -1 P 2
818896 -1 P -1
818897 10 P 2
818898 3 D 0
818899 13 D 0
818900 13 D 0
818901 13 D 0
818902 18 D 0
818903 18 D 0
818904 18 D 0
818905 18 D 0
818906 11 D 0
818907 11 D 0
818908 5 D 0
818909 5 P 1
818910 5 P -1
818911 5 P 1
818912 5 P 1
818913 5 P 1
818914 5 P 1
818915 5 P -1
818916 5 P 2
818917 5 P -1
818918 5 P -1
818919 5 P 1
818920 5 P -1
818921 5 P 1
818922 -1 C 0
818923 5 P 2
818924 -1 D 0
818925 -1 D 2
818926 0 D 0
818927 0 D 2
818928 0 D 30
818929 0 D 0
818930 0 D 0
818931 -1 D 0
818932 -1 D 2
818933 -1 D 0
818934 -1 D 0
818935 -1 D 0
818936 -1 D 0
818937 -1 D 2
818938 -1 D 0
818939 10 D 0
818940 10 D 0
818941 10 D 0
818942 10 D 0
818943 13 D 0
818944 13 D 0
818945 13 D 0
818946 13 D 0
818947 13 D 0
818948 13 D 0
818949 13 D 0
818950 13 D 0
818951 18 D 0
818952 18 D 0
818953 18 D 0
818954 18 D 0
818955 18 D 0
818956 18 D 0
818957 11 D 0
818958 11 D 0
818959 11 D 0
818960 11 D 0
818961 11 D 0
818962 11 D 0
818963 34 D 0
818964 34 D 0
818965 34 D 30
818966 8 D 0
818967 8 D 2
818968 8 D 30
818969 0 D 0
818970 0 D 2
818971 0 D 30
818972 0 D 0
818973 -1 D 0
818974 -1 D 0
818975 7 D 0
818976 7 D 0
818977 7 D 0
818978 7 D 0
818979 23 D 0
818980 -1 D 0
818981 -1 D 0
818982 13 D 0
818983 13 D 0
818984 13 D 0
818985 13 D 0
818986 13 D 0
818987 13 D 0
818988 13 D 0
818989 13 D 0
818990 13 D 0
818991 13 D 0
818992 13 D 0
818993 13 D 0
818994 13 D 0
818995 13 D 0
818996 13 D 0
818997 18 D 0
818998 18 D 0
818999 18 D 0
819000 18 D 0
819001 18 D 0
819002 18 D 0
819003 18 D 0
819004 18 D 0
819005 18 D 0
819006 18 D 0
819007 18 D 0
819008 11 D 0
819009 11 D 0
819010 11 D 0
819011 11 D 0
819012 11 D 0
819013 11 D 0
819014 11 D 0
819015 11 D 0
819016 0 D 0
819017 0 D 0
819018 -1 D 0
819019 -1 D 2
819020 -1 D 0
819021 -1 D 0
819022 -1 D 0
819023 -1 D 0
819024 7 D 0
819025 7 D 0
819026 7 D 0
819027 7 D 0
819028 7 D 0
819029 7 D 0
819030 7 D 0
819031 7 D 0
819032 7 D 0
819033 7 D 0
819034 7 D 0
819035 7 D 0
819036 10 D 0
819037 10 D 0
819038 -1 P 2
819039 -1 P 2
819040 -1 P 2
819041 13 D 0
819042 13 D 0
819043 13 D 0
819044 13 D 0
819045 13 D 0
819046 13 D 0
819047 13 D 0
819048 18 D 0
819049 18 D 0
819050 18 D 0
819051 18 D 0
819052 19 D 0
819053 -1 D 0
819054 -1 D 0
819055 7 D 0
819056 7 D 0
819057 7 D 0
819058 7 D 0
819059 13 D 0
819060 13 D 2
819061 13 D 0
819062 13 D 0
819063 13 D 0
819064 13 D 0
819065 18 D 0
819066 18 D 0
819067 18 D 0
819068 11 D 0
819069 11 D 0
819070 11 D 0
819071 42 D 0
819072 -1 D 0
819073 -1 D 0
819074 -1 D 2
819075 7 D 0
819076 -1 D 0
819077 -1 D 0
819078 -1 D 0
819079 -1 P 2
819080 -1 P 1
819081 -1 D 0
819082 3 D 0
819083 -1 D 0
819084 -1 D 2
819085 13 D 0
819086 13 D 0
819087 13 D 0
819088 13 D 0
819089 13 D 0
819090 13 D 0
819091 18 D 0
819092 18 D 0
819093 0 D 0
819094 18 D 0
819095 18 D 0
819096 18 D 0
819097 18 D 0
819098 11 D 0
819099 11 D 0
819100 11 D 2
819101 11 D 0
819102 11 D 0
819103 11 D 0
819104 11 D 0
819105 11 D 0
819106 11 D 0
819107 11 D 0
819108 11 D 0
819109 11 D 0
819110 11 D 0
819111 -1 D 0
819112 0 D 0
819113 0 D 2
819114 0 D 30
819115 -1 D 0
819116 -1 D 2
819117 -1 D 0
819118 -1 D 0
819119 -1 D 2
819120 -1 D 2
819121 -1 D 0
819122 -1 D 2
819123 -1 D 30
819124 -1 P -1
819125 -1 P 1
819126 -1 D 0
819127 -1 D 0
819128 -1 D 0
819129 -1 D 2
819130 7 D 0
819131 7 D 0
819132 7 D 0
819133 7 D 0
819134 7 D 0
819135 7 D 0
819136 -1 D 0
819137 10 D 0
819138 10 D 0
819139 10 D 0
819140 -1 D 0
819141 3 D 0
819142 3 D 0
819143 3 D 0
819144 3 D 0
819145 -1 D 0
819146 -1 D 0
819147 -1 D 2
819148 -1 D 0
819149 13 D 0
819150 13 D 0
819151 13 D 0
819152 13 D 2
819153 13 D 0
819154 13 D 0
819155 13 D 0
819156 13 D 0
819157 13 D 0
819158 13 D 0
819159 13 D 0
819160 13 D 0
819161 13 D 0
819162 13 D 0
819163 18 D 0
819164 18 D 0
819165 18 D 0
819166 18 D 0
819167 18 D 0
819168 18 D 0
819169 11 D 0
819170 11 D 0
819171 11 D 0
819172 11 D 0
819173 11 D 0
819174 11 D 0
819175 -1 D 0
819176 -1 D 0
819177 -1 D 0
819178 -1 D 0
819179 -1 D 0
819180 -1 D 0
819181 -1 D 0
819182 0 D 0
819183 -1 D 0
819184 7 D 0
819185 7 D 0
819186 7 D 0
819187 7 D 0
819188 7 D 0
819189 7 D 0
819190 10 D 0
819191 3 D 0
819192 3 D 0
819193 3 D 0
819194 3 D 0
819195 3 D 0
819196 1 D 0
819197 13 D 0
819198 13 D 0
819199 13 D 0
819200 18 D 0
819201 18 D 0
819202 18 D 0
819203 18 D 0
819204 18 D 0
819205 18 D 0
819206 18 D 0
819207 18 D 2
819208 18 D 0
819209 18 D 0
819210 18 D 0
819211 18 D 0
819212 18 D 0
819213 18 D 0
819214 18 D 0
819215 18 D 0
819216 18 D 0
819217 18 D 0
819218 11 D 0
819219 11 D 0
819220 11 D 0
819221 11 D 0
819222 11 D 0
819223 -1 D 0
819224 -1 D 0
819225 -1 D 0
819226 -1 D 0
819227 -1 D 0
819228 -1 D 0
819229 -1 D 0
819230 -1 D 0
819231 -1 D 0
819232 -1 D 0
819233 -1 D 0
819234 -1 D 0
819235 7 D 0
819236 7 D 0
819237 7 D 0
819238 11 D 0
819239 7 D 0
819240 7 D 0
819241 -1 D 0
819242 10 D 0
819243 3 D 0
819244 3 D 0
819245 3 D 0
819246 3 D 0
819247 3 D 0
819248 3 D 0
819249 3 D 0
819250 -1 D 0
819251 -1 D 2
819252 -1 D 0
819253 -1 D 2
819254 -1 D 0
819255 -1 P 1
819256 -1 D 0
819257 13 D 0
819258 13 D 0
819259 13 D 0
819260 13 D 0
819261 13 D 0
819262 13 D 0
819263 13 D 0
819264 13 D 0
819265 13 D 0
819266 13 D 2
819267 13 D 0
819268 13 D 0
819269 13 D 0
819270 18 D 0
819271 18 D 0
819272 18 D 0
819273 18 D 0
819274 18 D 0
819275 18 D 0
819276 18 D 0
819277 18 D 0
819278 18 D 0
819279 18 D 0
819280 18 D 0
819281 11 D 0
819282 11 D 0
819283 11 D 0
819284 11 D 0
819285 11 D 0
819286 11 D 0
819287 11 D 0
819288 11 D 0
819289 11 D 0
819290 11 D 0
819291 11 D 0
819292 11 D 0
819293 14 D 0
819294 -1 D 0
819295 -1 D 30
819296 -1 P -1
819297 0 D 0
819298 0 D 0
819299 -1 D 0
819300 -1 D 0
819301 -1 D 0
819302 7 D 0
819303 7 D 0
819304 7 D 0
819305 7 D 0
819306 7 D 0
819307 7 D 0
819308 7 D 0
819309 7 D 0
819310 7 D 0
819311 7 D 0
819312 7 D 0
819313 7 D 0
819314 7 D 0
819315 7 D 0
819316 7 D 0
819317 7 D 0
819318 7 D 0
819319 7 D 0
819320 -1 D 0
819321 10 D 0
819322 10 D 0
819323 10 D 2
819324 10 D 0
819325 10 D 0
819326 3 D 0
819327 1 D 0
819328 1 D 30
819329 1 D 0
819330 1 D 0
819331 1 D 0
819332 -1 D 0
819333 -1 D 0
819334 -1 D 0
819335 13 D 0
819336 13 D 0
819337 13 D 0
819338 13 D 0
819339 13 D 0
819340 18 D 0
819341 18 D 0
819342 18 D 0
819343 18 D 0
819344 18 D 0
819345 18 D 0
819346 18 D 0
819347 18 D 0
819348 18 D 0
819349 18 D 0
819350 18 D 0
819351 11 D 0
819352 11 D 0
819353 11 D 0
819354 11 D 0
819355 11 D 0
819356 11 D 0
819357 11 D 0
819358 -1 D 0
819359 -1 D 0
819360 -1 D 2
819361 -1 D 0
819362 -1 D 2
819363 -1 D 0
819364 -1 D 0
819365 -1 D 0
819366 -1 D 2
819367 -1 D 0
819368 -1 D 0
819369 0 D 0
819370 0 D 0
819371 0 D 0
819372 -1 D 0
819373 -1 D 2
819374 -1 D 0
819375 13 D 0
819376 -1 D 0
819377 -1 D 0
819378 -1 D 0
819379 7 D 0
819380 7 D 0
819381 7 D 0
819382 7 D 0
819383 7 D 0
819384 7 D 0
819385 7 D 0
819386 10 D 0
819387 10 D 0
819388 10 D 0
819389 10 D 0
819390 3 D 0
819391 3 D 0
819392 3 D 0
819393 1 D 0
819394 1 D 0
819395 13 D 0
819396 13 D 0
819397 13 D 0
819398 13 D 0
819399 13 D 0
819400 13 D 0
819401 13 D 0
819402 13 D 0
819403 13 D 0
819404 13 D 0
819405 13 D 0
819406 13 D 0
819407 18 D 0
819408 18 D 0
819409 18 D 0
819410 18 D 0
819411 18 D 0
819412 18 D 0
819413 18 D 0
819414 18 D 0
819415 18 D 0
819416 18 D 0
819417 18 D 0
819418 18 D 0
819419 18 D 0
819420 18 D 0
819421 18 D 0
819422 18 D 0
819423 18 D 0
819424 18 D 0
819425 18 D 0
819426 18 D 0
819427 18 D 0
819428 11 D 0
819429 11 D 0
819430 11 D 0
819431 11 D 0
819432 11 D 0
819433 11 D 0
819434 11 D 0
819435 11 D 0
819436 11 D 0
819437 11 D 0
819438 19 D 0
819439 -1 D 0
819440 -1 D 0
819441 -1 D 0
819442 -1 D 2
819443 -1 D 0
819444 -1 D 0
819445 -1 D 0
819446 -1 D 0
819447 -1 D 0
819448 -1 D 0
819449 -1 D 0
819450 -1 D 0
819451 7 D 0
819452 7 D 0
819453 7 D 0
819454 7 D 0
819455 7 D 0
819456 7 D 0
819457 7 D 0
819458 7 D 0
819459 7 D 0
819460 7 D 0
819461 7 D 0
819462 7 D 0
819463 7 D 0
819464 7 D 0
819465 7 D 0
819466 7 D 0
819467 10 D 0
819468 10 D 0
819469 10 D 0
819470 10 D 0
819471 10 D 0
819472 10 D 0
819473 10 D 0
819474 3 D 0
819475 3 D 0
819476 -1 D 0
819477 13 D 0
819478 13 D 0
819479 13 D 0
819480 13 D 0
819481 13 D 0
819482 13 D 0
819483 18 D 0
819484 18 D 0
819485 18 D 0
819486 18 D 0
819487 18 D 0
819488 18 D 0
819489 18 D 0
819490 18 D 0
819491 18 D 0
819492 18 D 0
819493 18 D 0
819494 18 D 0
819495 11 D 0
819496 11 D 0
819497 11 D 0
819498 11 D 0
819499 11 D 0
819500 11 D 0
819501 11 D 0
819502 11 D 0
819503 0 D 0
819504 -1 D 0
819505 -1 D 0
819506 -1 D 0
819507 7 D 0
819508 7 D 0
819509 7 D 0
819510 7 D 0
819511 0 D 0
819512 7 D 0
819513 7 D 0
819514 7 D 0
819515 7 D 0
819516 7 D 0
819517 7 D 0
819518 10 D 0
819519 10 D 0
819520 10 D 0
819521 3 D 0
819522 3 D 0
819523 3 D 0
819524 -1 D 0
819525 -1 D 2
819526 -1 D 0
819527 13 D 0
819528 13 D 0
819529 13 D 0
819530 13 D 0
819531 18 D 0
819532 18 D 0
819533 18 D 0
819534 18 D 0
819535 18 D 0
819536 18 D 0
819537 18 D 0
819538 18 D 0
819539 18 D 0
819540 18 D 0
819541 18 D 0
819542 18 D 0
819543 18 D 0
819544 11 D 0
819545 11 D 0
819546 11 D 2
819547 11 D 0
819548 11 D 0
819549 11 D 0
819550 11 D 0
819551 11 D 0
819552 11 D 0
819553 -1 D 0
819554 -1 D 0
819555 -1 D 0
819556 -1 D 0
819557 -1 D 2
819558 -1 D 0
819559 -1 D 0
819560 -1 D 0
819561 -1 D 0
819562 -1 D 0
819563 7 D 0
819564 7 D 0
819565 7 D 0
819566 7 D 0
819567 7 D 0
819568 7 D 0
819569 7 D 0
819570 10 D 0
819571 10 D 0
819572 23 P -1
819573 23 P -1
819574 23 P -1
819575 3 D 0
819576 3 D 2
819577 3 D 0
819578 1 D 0
819579 13 D 0
819580 13 D 2
819581 13 D 0
819582 13 D 0
819583 13 D 0
819584 13 D 0
819585 13 D 0
819586 13 D 0
819587 13 D 0
819588 13 D 0
819589 13 D 0
819590 13 D 0
819591 13 D 0
819592 13 D 0
819593 18 D 0
819594 18 D 0
819595 18 D 0
819596 18 D 0
819597 18 D 0
819598 18 D 0
819599 18 D 0
819600 18 D 0
819601 18 D 0
819602 18 D 0
819603 18 D 0
819604 11 D 0
819605 11 D 0
819606 11 D 0
819607 11 D 0
819608 11 D 0
819609 11 D 0
819610 11 D 0
819611 -1 D 0
819612 -1 D 0
819613 8 D 0
819614 5 P 1
819615 0 D 0
819616 0 D 0
819617 -1 D 0
819618 -1 D 0
819619 -1 D 0
819620 -1 D 0
819621 -1 D 0
819622 -1 D 0
819623 -1 D 0
819624 -1 D 0
819625 -1 D 0
819626 -1 D 0
819627 -1 D 0
819628 7 D 0
819629 7 D 0
819630 7 D 0
819631 7 D 0
819632 -1 D 0
819633 10 D 0
819634 10 D 0
819635 10 D 0
819636 10 D 0
819637 13 D 0
819638 11 D 0
819639 11 D 0
819640 11 D 0
819641 11 D 0
819642 11 D 0
819643 27 D 0
819644 27 D 0
819645 27 D 2
819646 3 D 0
819647 3 D 30
819648 2 D 0
819649 2 D 30
819650 2 D 0
819651 -1 D 0
819652 13 D 0
819653 13 D 0
819654 13 D 0
819655 13 D 0
819656 13 D 0
819657 13 D 0
819658 13 D 0
819659 18 D 0
819660 18 D 0
819661 18 D 0
819662 18 D 0
819663 18 D 0
819664 11 D 0
819665 11 D 0
819666 11 D 0
819667 11 D 0
819668 11 D 0
819669 11 D 0
819670 11 D 0
819671 11 D 0
819672 11 D 0
819673 14 P -1
819674 -1 D 0
819675 0 D 0
819676 0 D 30
819677 0 D 0
819678 0 D 30
819679 -1 D 0
819680 -1 D 0
819681 -1 D 0
819682 -1 D 0
819683 -1 D 0
819684 7 D 0
819685 7 D 0
819686 7 D 0
819687 17 D 0
819688 17 D 2
819689 -1 D 0
819690 -1 D 2
819691 -1 D 0
819692 10 D 0
819693 10 D 0
819694 10 D 0
819695 10 D 0
819696 10 D 0
819697 10 D 0
819698 10 D 0
819699 10 D 2
819700 10 D 2
819701 10 D 30
819702 10 P -1
819703 10 P 2
819704 10 P 1
819705 10 P 1
819706 10 P -1
819707 10 P 1
819708 10 P -1
819709 10 P 1
819710 10 P 1
819711 10 P 2
819712 10 P 1
819713 10 P 1
819714 13 D 0
819715 18 D 0
819716 11 D 0
819717 11 D 0
819718 11 D 0
819719 11 D 0
819720 11 D 0
819721 11 D 0
819722 11 D 0
819723 11 D 0
819724 11 D 0
819725 11 D 0
819726 11 D 0
819727 11 D 0
819728 11 D 0
819729 11 D 0
819730 11 D 0
819731 11 D 0
819732 11 D 0
819733 11 D 0
819734 1 P 2
819735 1 P 1
819736 14 P 2
819737 14 P 2
819738 32 P 2
819739 32 P 2
819740 -1 P 2
819741 21 P 2
819742 14 P 1
819743 14 P 1
819744 5 P 1
819745 5 P 1
819746 5 P -1
819747 14 P -1
819748 10 P 2
819749 10 P 2
819750 10 P 2
819751 10 P 2
819752 10 P 2
819753 13 P -1
819754 11 D 0
819755 10 P -1
819756 7 D 0
819757 13 D 0
819758 0 D 0
819759 12 D 30
819760 12 D 2
819761 11 D 0
819762 5 P 2
819763 10 P 1
819764 13 D 2
819765 -1 D 0
819766 10 P -1
819767 -1 P -1
819768 21 P -1
819769 21 P -1
819770 10 P -1
819771 0 D 0
819772 11 D 0
819773 -1 D 2
819774 -1 C 0
819775 15 P 2
819776 7 D 0
819777 11 D 0
819778 7 D 0
819779 19 D 0
819780 11 D 2
819781 10 P -1
819782 7 D 0
819783 22 P 2
819784 -1 D 30
819785 23 D 2
819786 13 D 0
819787 13 D 0
819788 13 D 2
819789 -1 D 2
819790 7 P 2
819791 23 D 30
819792 -1 P 2
819793 11 D 0
819794 0 D 30
819795 -1 D 0
819796 23 D 0
819797 10 P -1
819798 11 D 0
819799 11 D 2
819800 11 P 2
819801 14 P 2
819802 21 P 2
819803 11 D 0
819804 -1 P 2
819805 13 D 0
819806 19 D 0
819807 20 D 30
819808 11 D 0
819809 13 D 2
819810 5 P 2
819811 -1 D 0
819812 7 D 0
819813 14 D 30
819814 -1 D 0
819815 4 D 30
819816 11 D 0
819817 18 D 0
819818 -1 D 2
819819 10 D 0
819820 7 D 0
819821 13 D 0
819822 7 D 0
819823 21 P 2
819824 18 D 0
819825 -1 P -1
819826 27 D 2
819827 13 D 0
819828 11 D 0
819829 10 P 2
819830 7 P 2
819831 13 D 2
819832 10 D 0
819833 11 D 0
819834 5 P -1
819835 -1 P 2
819836 11 D 0
819837 14 P -1
819838 -1 D 0
819839 4 D 2
819840 10 D 0
819841 7 D 0
819842 -1 P 2
819843 15 D 2
819844 35 P -1
819845 18 D 0
819846 13 P -1
819847 23 C 2
819848 10 D 0
819849 0 P -1
819850 13 P 2
819851 7 D 0
819852 4 D 0
819853 7 D 0
819854 7 P 2
819855 13 D 0
819856 7 D 0
819857 0 P 2
819858 -1 D 0
819859 -1 D 0
819860 -1 P 2
819861 18 D 0
819862 10 D 0
819863 13 P -1
819864 21 P 2
819865 11 P -1
819866 -1 D 0
819867 -1 D 2
819868 19 D 0
819869 23 P -1
819870 4 P -1
819871 3 P 2
819872 11 D 0
819873 7 D 0
819874 13 D 2
819875 -1 P 2
819876 7 D 0
819877 18 D 0
819878 -1 P 2
819879 19 D 0
819880 7 D 0
819881 7 D 0
819882 -1 C 2
819883 10 D 30
819884 6 C -1
819885 6 C -1
819886 7 D 0
819887 27 D 12
819888 10 P 2
819889 7 P 2
819890 6 P -1
819891 11 D 0
819892 7 D 0
819893 7 D 0
819894 11 D 0
819895 10 D 2
819896 7 D 0
819897 23 D 0
819898 -1 C 2
819899 -1 C 2
819900 -1 C 0
819901 -1 C 0
819902 -1 C 0
819903 -1 C 0
819904 -1 C 0
819905 -1 C 0
819906 -1 C 0
819907 -1 C 0
819908 -1 C 0
819909 -1 C 0
819910 -1 C 0
819911 -1 C 0
819912 -1 C 0
819913 -1 C 0
819914 -1 C 0
819915 -1 C 0
819916 -1 C 0
819917 -1 C 0
819918 -1 C 0
819919 -1 C 0
819920 -1 C 0
819921 -1 C 0
819922 -1 C 0
819923 -1 C 0
819924 -1 C 0
819925 -1 C 0
819926 -1 C 0
819927 -1 C 0
819928 -1 C 0
819929 -1 C 0
819930 -1 C 0
819931 -1 C 0
819932 -1 C 0
819933 -1 C 0
819934 -1 C 0
819935 -1 C 0
819936 -1 C 0
819937 -1 C 0
819938 -1 C 0
819939 -1 C 0
819940 -1 C 0
819941 -1 C 0
819942 -1 C 0
819943 -1 C 0
819944 -1 C 0
819945 -1 C 0
819946 -1 C 0
819947 -1 C 0
819948 -1 C 0
819949 -1 C 0
819950 -1 C 0
819951 -1 C 0
819952 -1 C 0
819953 -1 C 0
819954 -1 C 0
819955 -1 C 0
819956 -1 C 0
819957 -1 C 0
819958 -1 C 0
819959 -1 C 0
819960 -1 C 0
819961 -1 C 0
819962 -1 C 0
819963 -1 C 0
819964 -1 C 0
819965 -1 C 0
819966 -1 C 0
819967 -1 C 0
819968 -1 C 0
819969 -1 C 0
819970 -1 C 0
819971 -1 C 0
819972 -1 C 0
819973 -1 C 0
819974 -1 C 0
819975 -1 C 0
819976 -1 C 0
819977 -1 C 0
819978 -1 C 0
819979 -1 C 0
819980 -1 C 0
819981 -1 C 0
819982 -1 C 0
819983 -1 C 0
819984 -1 C 0
819985 -1 C 0
819986 -1 C 0
819987 -1 C 0
819988 -1 C 0
819989 -1 C 0
819990 -1 C 0
819991 -1 C 0
819992 -1 C 0
819993 -1 C 0
819994 -1 C 0
819995 -1 C 0
819996 -1 C 0
819997 -1 C 0
819998 -1 C 0
819999 -1 C 0
820000 -1 C 0
820001 -1 C 0
820002 -1 C 0
820003 -1 C 0
820004 -1 C 0
820005 -1 C 0
820006 -1 C 0
820007 -1 C 0
820008 -1 C 0
820009 -1 C 0
820010 -1 C 0
820011 -1 C 0
820012 -1 C 0
820013 -1 C 0
820014 -1 C 0
820015 -1 C 0
820016 -1 C 0
820017 -1 C 0
820018 -1 C 0
820019 -1 C 0
820020 -1 C 0
820021 -1 C 0
820022 -1 C 0
820023 -1 C 0
820024 -1 C 0
820025 -1 C 0
820026 -1 C 0
820027 -1 C 0
820028 -1 C 0
820029 -1 C 0
820030 -1 C 0
820031 -1 C 0
820032 -1 C 0
820033 -1 C 0
820034 -1 C 0
820035 -1 C 0
820036 -1 C 0
820037 -1 C 0
820038 -1 C 0
820039 -1 C 0
820040 -1 C 0
820041 -1 C 0
820042 -1 C 0
820043 -1 C 0
820044 -1 C 0
820045 -1 C 0
820046 -1 C 0
820047 -1 C 0
820048 -1 C 0
820049 -1 C 0
820050 -1 C 0
820051 -1 C 0
820052 -1 C 0
820053 -1 C 0
820054 -1 C 0
820055 -1 C 0
820056 -1 C 0
820057 -1 C 0
820058 -1 C 0
820059 -1 C 0
820060 -1 C 0
820061 -1 C 0
820062 -1 C 0
820063 -1 C 0
820064 -1 C 0
820065 -1 C 0
820066 -1 C 0
820067 -1 C 0
820068 -1 C 0
820069 -1 C 0
820070 -1 C 0
820071 -1 C 0
820072 -1 C 0
820073 -1 C 0
820074 -1 C 0
820075 -1 C 0
820076 -1 C 0
820077 -1 C 0
820078 -1 C 0
820079 -1 C 0
820080 -1 C 0
820081 -1 C 0
820082 -1 C 0
820083 -1 C 0
820084 -1 C 0
820085 -1 C 0
820086 -1 C 0
820087 -1 C 0
820088 -1 C 0
820089 -1 C 0
820090 -1 C 0
820091 -1 C 0
820092 -1 C 0
820093 -1 C 0
820094 -1 C 0
820095 -1 C 0
820096 -1 C 0
820097 -1 C 0
820098 -1 C 0
820099 -1 C 0
820100 -1 C 0
820101 -1 C 0
820102 -1 C 0
820103 -1 C 0
820104 -1 C 0
820105 -1 C 0
820106 -1 C 0
820107 -1 C 0
820108 -1 C 0
820109 -1 C 0
820110 -1 C 2
820111 -1 C 2
820112 -1 C 2
820113 -1 C 2
820114 -1 C 2
820115 -1 C 2
820116 -1 C 2
820117 -1 C 2
820118 -1 C 2
820119 -1 C 2
820120 -1 C 2
820121 -1 C 2
820122 -1 C 2
820123 -1 C 2
820124 -1 C 2
820125 -1 C 2
820126 -1 C 2
820127 -1 C 2
820128 -1 C 2
820129 -1 C 2
820130 -1 C 2
820131 -1 C 2
820132 -1 C 2
820133 -1 C 2
820134 -1 C 2
820135 -1 C 2
820136 -1 C 2
820137 -1 C 2
820138 -1 C 2
820139 -1 C 2
820140 -1 C 2
820141 -1 C 2
820142 -1 C 2
820143 -1 C 2
820144 -1 C 2
820145 -1 C 2
820146 -1 C 2
820147 -1 C 2
820148 -1 C 2
820149 -1 C 2
820150 -1 C 2
820151 -1 C 2
820152 -1 C 2
820153 -1 C 2
820154 -1 C 2
820155 -1 C 2
820156 -1 C 2
820157 -1 C 2
820158 -1 C 2
820159 -1 C 2
820160 -1 C 2
820161 -1 C 2
820162 -1 C 2
820163 -1 C 2
820164 -1 C 2
820165 -1 C 2
820166 -1 C 2
820167 -1 C 2
820168 -1 C 2
820169 -1 C 2
820170 -1 C 2
820171 -1 C 2
820172 -1 C 2
820173 -1 C 2
820174 7 D 0
820175 13 D 0
820176 7 D 0
820177 18 D 0
820178 20 P -1
820179 11 D 0
820180 13 D 0
820181 48 P 2
820182 13 D 0
820183 13 D 0
820184 3 C -1
820185 11 D 2
820186 11 D 2
820187 7 D 0
820188 -1 D 2
820189 7 D 0
820190 13 D 2
820191 -1 C 2
820192 -1 P 2
820193 11 D 2
820194 11 D 0
820195 19 D 0
820196 -1 C 2
820197 7 D 0
820198 7 D 0
820199 -1 D 0
940131 11 D -1
940134 11 D -1
990001 -1 D -1
990003 -1 D -1
990004 -1 D -1
990005 -1 D -1
990006 -1 D -1
990007 -1 D -1
990008 -1 D -1
990009 -1 D -1
990010 -1 D -1
990012 -1 D -1
990013 -1 D -1
990014 -1 D -1
990016 -1 D -1
990017 -1 D -1
990018 -1 D -1
990019 -1 D -1
990020 -1 D -1
990022 -1 D -1
990023 -1 D -1
990024 -1 D -1
990026 -1 D -1
990029 -1 D -1
990030 -1 D -1
990031 -1 D -1
990032 -1 D -1
990033 -1 D -1
990034 -1 D -1
990035 -1 D -1
990036 -1 D -1
990037 -1 D -1
990038 -1 D -1
990039 -1 D -1
990040 -1 D -1
990042 -1 D -1
990043 -1 D -1
990044 -1 D -1
990045 -1 D -1
990046 -1 D -1
990047 -1 D -1
990048 -1 D -1
990049 -1 D -1
990050 -1 D -1
990051 -1 D -1
990053 -1 D -1
990056 -1 D -1
990057 -1 D -1
990058 -1 D -1
990059 -1 D -1
990060 -1 D -1
990061 -1 D -1
990063 -1 D -1
990064 -1 D -1
990065 -1 D -1
990066 -1 D -1
990067 -1 D -1
990068 -1 D -1
990069 -1 D -1
990070 -1 D -1
990071 -1 D -1
990072 -1 D -1
990073 -1 D -1
990075 -1 D -1
990076 -1 D -1
990077 -1 D -1
990078 -1 D -1
990079 -1 D -1
990080 -1 D -1
990081 -1 D -1
990082 -1 D -1
990083 -1 D -1
990084 -1 D -1
990085 -1 D -1
990086 -1 D -1
990088 -1 D -1
990089 -1 D -1
990090 -1 D -1
990091 -1 D -1
990092 -1 D -1
990093 -1 D -1
990094 -1 D -1
990096 -1 D -1
990097 -1 D -1
990098 -1 D -1
990099 -1 D -1
990100 -1 D -1
990101 -1 D -1
990103 -1 D -1
990104 -1 D -1
990105 -1 D -1
990106 -1 D -1
990108 -1 D -1
990109 -1 D -1
990110 -1 D -1
990111 -1 D -1
990112 -1 D -1
990113 -1 D -1
990114 -1 D -1
990115 -1 D -1
990116 -1 D -1
990118 -1 D -1
990119 -1 D -1
990120 -1 D -1
990121 -1 D -1
990124 -1 D -1
990126 -1 D -1
990127 -1 D -1
990128 -1 D -1
990129 -1 D -1
990130 -1 D -1
990131 -1 D -1
990132 -1 D -1
990133 -1 D -1
990134 -1 D -1
990135 -1 D -1
990136 -1 D -1
990137 -1 D -1
990138 -1 D -1
990140 -1 D -1
990141 -1 D -1
990142 -1 D -1
990143 -1 D -1
990146 -1 D -1
990147 -1 D -1
990148 -1 D -1
990149 -1 D -1
990150 -1 D -1
990151 -1 D -1
990153 -1 D -1
990154 -1 D -1
990155 -1 D -1
990156 -1 D -1
990157 -1 D -1
990158 -1 D -1
990159 -1 D -1
990160 -1 D -1
990161 -1 D -1
990163 -1 D -1
990164 -1 D -1
990165 -1 D -1
990166 -1 D -1
990167 -1 D -1
990168 -1 D -1
990169 -1 D -1
990170 -1 D -1
990171 -1 D -1
990173 -1 D -1
990174 -1 D -1
990175 -1 D -1
990177 -1 D -1
990178 -1 D -1
990181 -1 D -1
990182 -1 D -1
990183 -1 D -1
990184 -1 D -1
990185 -1 D -1
990186 -1 D -1
990187 -1 D -1
990188 -1 D -1
990191 -1 D -1
990192 -1 D -1
990194 -1 D -1
990195 -1 D -1
990196 -1 D -1
990199 -1 D -1
990201 -1 D -1
990202 -1 D -1
990203 -1 D -1
990205 -1 D -1
990206 -1 D -1
990208 -1 D -1
990209 -1 D -1
990210 -1 D -1
990212 -1 D -1
990213 -1 D -1
990214 -1 D -1
990215 -1 D -1
990216 -1 D -1
990217 -1 D -1
990219 -1 D -1
990220 -1 D -1
990221 -1 D -1
990222 -1 D -1
990223 -1 D -1
990224 -1 D -1
990225 -1 D -1
990227 -1 D -1
990228 -1 D -1
990229 -1 D -1
990231 -1 D -1
990234 -1 D -1
990236 -1 D -1
990237 -1 D -1
990241 -1 D -1
990242 -1 D -1
990243 -1 D -1
990244 -1 D -1
990245 -1 D -1
990246 -1 D -1
990248 -1 D -1
990249 -1 D -1
990251 -1 D -1
990252 -1 D -1
990253 -1 D -1
990254 -1 D -1
990255 -1 D -1
990256 -1 D -1
990257 -1 D -1
990258 -1 D -1
990259 -1 D -1
990260 -1 D -1
990261 -1 D -1
990262 -1 D -1
990263 -1 D -1
990264 -1 D -1
990265 -1 D -1
990267 -1 D -1
990268 -1 D -1
990269 -1 D -1
990270 -1 D -1
990271 -1 D -1
990272 -1 D -1
990273 -1 D -1
990274 -1 D -1
990275 -1 D -1
990276 -1 D -1
990277 -1 D -1
990278 -1 D -1
990279 -1 D -1
990280 -1 D -1
990281 -1 D -1
990282 -1 D -1
990283 -1 D -1
990284 -1 D -1
990285 -1 D -1
990288 47 D -1
990289 -1 D -1
999999 -1 D 0
